%time,field.linear.x,field.linear.y,field.linear.z,field.angular.x,field.angular.y,field.angular.z
1718110568534110717,0.0,0.0,0.0,0.0,0.0,0.0
1718110568584811566,0.0,0.0,0.0,0.0,0.0,0.0
1718110568637709921,0.0,0.0,0.0,0.0,0.0,0.0
1718110568686918177,0.0,0.0,0.0,0.0,0.0,0.0
1718110568737421092,0.0,0.0,0.0,0.0,0.0,0.0
1718110568784930153,0.0,0.0,0.0,0.0,0.0,0.0
1718110568835614675,0.0,0.0,0.0,0.0,0.0,0.0
1718110568883451700,0.0,0.0,0.0,0.0,0.0,0.0
1718110568937934554,0.0,0.0,0.0,0.0,0.0,0.0
1718110568982993915,0.0,0.0,0.0,0.0,0.0,0.0
1718110569035214906,0.0,0.0,0.0,0.0,0.0,0.0
1718110569086545349,0.0,0.0,0.0,0.0,0.0,0.0
1718110569136577198,0.0,0.0,0.0,0.0,0.0,0.0
1718110569185407127,0.0,0.0,0.0,0.0,0.0,0.0
1718110569236210975,0.0,0.0,0.0,0.0,0.0,0.0
1718110569283703887,0.0,0.0,0.0,0.0,0.0,0.0
1718110569334143649,0.0,0.0,0.0,0.0,0.0,0.0
1718110569387146251,0.0,0.0,0.0,0.0,0.0,0.0
1718110569436953257,0.0,0.0,0.0,0.0,0.0,0.0
1718110569487452643,0.0,0.0,0.0,0.0,0.0,0.0
1718110569538269731,0.0,0.0,0.0,0.0,0.0,0.0
1718110569586009200,0.0,0.0,0.0,0.0,0.0,0.0
1718110569635485354,0.0,0.0,0.0,0.0,0.0,0.0
1718110569686161283,0.0,0.0,0.0,0.0,0.0,0.0
1718110569735834067,0.0,0.0,0.0,0.0,0.0,0.0
1718110569788277337,0.0,0.0,0.0,0.0,0.0,0.0
1718110569836818407,0.0,0.0,0.0,0.0,0.0,0.0
1718110569886073497,0.0,0.0,0.0,0.0,0.0,0.0
1718110569936111660,0.0,0.0,0.0,0.0,0.0,0.0
1718110569987218878,0.0,0.0,0.0,0.0,0.0,0.0
1718110570047279516,0.0,0.0,0.0,0.0,0.0,0.0
1718110570084175781,0.0,0.0,0.0,0.0,0.0,0.0
1718110570136757740,0.0,0.0,0.0,0.0,0.0,0.0
1718110570186712108,0.0,0.0,0.0,0.0,0.0,0.0
1718110570236110517,0.0,0.0,0.0,0.0,0.0,0.0
1718110570287121312,0.0,0.0,0.0,0.0,0.0,0.0
1718110570336548231,0.0,0.0,0.0,0.0,0.0,0.0
1718110570386056341,0.0,0.0,0.0,0.0,0.0,0.0
1718110570436463329,0.0,0.0,0.0,0.0,0.0,0.0
1718110570487363413,0.0,0.0,0.0,0.0,0.0,0.0
1718110570533427256,0.0,0.0,0.0,0.0,0.0,0.0
1718110570584252263,0.0,0.0,0.0,0.0,0.0,0.0
1718110570636819708,0.0,0.0,0.0,0.0,0.0,0.0
1718110570683614206,0.0,0.0,0.0,0.0,0.0,0.0
1718110570736255524,0.0,0.0,0.0,0.0,0.0,0.0
1718110570783141782,0.0,0.0,0.0,0.0,0.0,0.0
1718110570838495780,0.0,0.0,0.0,0.0,0.0,0.0
1718110570886708052,0.0,0.0,0.0,0.0,0.0,0.0
1718110570936843329,0.0,0.0,0.0,0.0,0.0,0.0
1718110570987836814,0.0,0.0,0.0,0.0,0.0,0.0
1718110571033667134,0.0,0.0,0.0,0.0,0.0,0.0
1718110571087502677,0.0,0.0,0.0,0.0,0.0,0.0
1718110571133829915,0.0,0.0,0.0,0.0,0.0,0.0
1718110571186388059,0.0,0.0,0.0,0.0,0.0,0.0
1718110571236197579,0.0,0.0,0.0,0.0,0.0,0.0
1718110571284862448,0.0,0.0,0.0,0.0,0.0,0.0
1718110571335926204,0.0,0.0,0.0,0.0,0.0,0.0
1718110571387612665,0.0,0.0,0.0,0.0,0.0,0.0
1718110571434350349,0.0,0.0,0.0,0.0,0.0,0.0
1718110571491327467,0.0,0.0,0.0,0.0,0.0,0.0
1718110571535324767,0.0,0.0,0.0,0.0,0.0,0.0
1718110571587103569,0.0,0.0,0.0,0.0,0.0,0.0
1718110571634256436,0.0,0.0,0.0,0.0,0.0,0.0
1718110571687741784,0.0,0.0,0.0,0.0,0.0,0.0
1718110571732860425,0.0,0.0,0.0,0.0,0.0,0.0
1718110571786917900,0.0,0.0,0.0,0.0,0.0,0.0
1718110571837546829,0.0,0.0,0.0,0.0,0.0,0.0
1718110571887519032,0.0,0.0,0.0,0.0,0.0,0.0
1718110571936669351,0.0,0.0,0.0,0.0,0.0,0.0
1718110571986926238,0.0,0.0,0.0,0.0,0.0,0.0
1718110572036277176,0.0,0.0,0.0,0.0,0.0,0.0
1718110572086510744,0.0,0.0,0.0,0.0,0.0,0.0
1718110572138883847,0.0,0.0,0.0,0.0,0.0,0.0
1718110572184833693,0.0,0.0,0.0,0.0,0.0,0.0
1718110572233913634,0.0,0.0,0.0,0.0,0.0,0.0
1718110572285910259,0.0,0.0,0.0,0.0,0.0,0.0
1718110572335658094,0.0,0.0,0.0,0.0,0.0,0.0
1718110572386089499,0.0,0.0,0.0,0.0,0.0,0.0
1718110572437844011,0.0,0.0,0.0,0.0,0.0,0.0
1718110572484297069,0.0,0.0,0.0,0.0,0.0,0.0
1718110572533698171,0.0,0.0,0.0,0.0,0.0,0.0
1718110572588204071,0.0,0.0,0.0,0.0,0.0,0.0
1718110572632624345,0.0,0.0,0.0,0.0,0.0,0.0
1718110572691175216,0.0,0.0,0.0,0.0,0.0,0.0
1718110572733753403,0.0,0.0,0.0,0.0,0.0,0.0
1718110572787592447,0.0,0.0,0.0,0.0,0.0,0.0
1718110572836099803,0.0,0.0,0.0,0.0,0.0,0.0
1718110572883518991,0.0,0.0,0.0,0.0,0.0,0.0
1718110572938097587,0.0,0.0,0.0,0.0,0.0,0.0
1718110572984245718,0.0,0.0,0.0,0.0,0.0,0.0
1718110573036879793,0.0,0.0,0.0,0.0,0.0,0.0
1718110573085298684,0.0,0.0,0.0,0.0,0.0,0.0
1718110573135525401,0.0,0.0,0.0,0.0,0.0,0.0
1718110573186038151,0.0,0.0,0.0,0.0,0.0,0.0
1718110573235975740,0.0,0.0,0.0,0.0,0.0,0.0
1718110573283231231,0.0,0.0,0.0,0.0,0.0,0.0
1718110573338907152,1.28,0.0,0.0,0.0,0.0,-0.003125
1718110573383550688,1.28,0.0,0.0,0.0,0.0,-0.003125
1718110573437171906,1.28,0.0,0.0,0.0,0.0,0.0
1718110573487146003,1.28,0.0,0.0,0.0,0.0,0.003125
1718110573533294014,1.28,0.0,0.0,0.0,0.0,-0.00625
1718110573587794695,1.28,0.0,0.0,0.0,0.0,-0.00625
1718110573635864095,1.28,0.0,0.0,0.0,0.0,-0.00625
1718110573686849445,1.28,0.0,0.0,0.0,0.0,-0.00625
1718110573736674614,1.28,0.0,0.0,0.0,0.0,-0.00625
1718110573782856283,1.28,0.0,0.0,0.0,0.0,-0.003125
1718110573837822341,1.28,0.0,0.0,0.0,0.0,-0.003125
1718110573885295578,1.28,0.0,0.0,0.0,0.0,-0.003125
1718110573936923660,1.28,0.0,0.0,0.0,0.0,0.0
1718110573987142760,1.28,0.0,0.0,0.0,0.0,0.0
1718110574032731885,1.28,0.0,0.0,0.0,0.0,0.0
1718110574087852665,1.28,0.0,0.0,0.0,0.0,0.0
1718110574133471221,1.28,0.0,0.0,0.0,0.0,0.00625
1718110574184428923,1.28,0.0,0.0,0.0,0.0,0.00625
1718110574234282918,1.28,0.0,0.0,0.0,0.0,0.00625
1718110574286047701,1.28,0.0,0.0,0.0,0.0,0.0
1718110574335461342,1.28,0.0,0.0,0.0,0.0,0.003125
1718110574385816850,1.28,0.0,0.0,0.0,0.0,0.003125
1718110574432641318,1.28,0.0,0.0,0.0,0.0,0.003125
1718110574485369013,1.28,0.0,0.0,0.0,0.0,0.0
1718110574536307786,1.28,0.0,0.0,0.0,0.0,0.003125
1718110574585947154,1.28,0.0,0.0,0.0,0.0,0.003125
1718110574636512304,1.28,0.0,0.0,0.0,0.0,0.003125
1718110574684915556,1.28,0.0,0.0,0.0,0.0,0.003125
1718110574736822812,1.28,0.0,0.0,0.0,0.0,0.003125
1718110574786107309,1.28,0.0,0.0,0.0,0.0,0.003125
1718110574835232912,1.28,0.0,0.0,0.0,0.0,0.00625
1718110574885230072,1.28,0.0,0.0,0.0,0.0,0.053125
1718110574936947700,1.28,0.0,0.0,0.0,0.0,0.05
1718110574984838905,1.28,0.0,0.0,0.0,0.0,0.046875
1718110575047018328,1.28,0.0,0.0,0.0,0.0,0.04375
1718110575083457246,1.28,0.0,0.0,0.0,0.0,0.04375
1718110575133103170,1.28,0.0,0.0,0.0,0.0,0.0375
1718110575185698704,1.28,0.0,0.0,0.0,0.0,0.0375
1718110575235673304,1.28,0.0,0.0,0.0,0.0,0.03125
1718110575282769017,1.28,0.0,0.0,0.0,0.0,0.03125
1718110575335999375,1.28,0.0,0.0,0.0,0.0,0.025
1718110575385874072,1.28,0.0,0.0,0.0,0.0,0.028125
1718110575435974719,1.28,0.0,0.0,0.0,0.0,0.025
1718110575485400241,1.28,0.0,0.0,0.0,0.0,0.025
1718110575536898282,1.28,0.0,0.0,0.0,0.0,0.028125
1718110575586047843,1.28,0.0,0.0,0.0,0.0,0.025
1718110575636809856,1.28,0.0,0.0,0.0,0.0,0.028125
1718110575686110776,1.28,0.0,0.0,0.0,0.0,0.025
1718110575735727345,1.28,0.0,0.0,0.0,0.0,0.028125
1718110575786377394,1.28,0.0,0.0,0.0,0.0,0.025
1718110575836203734,1.28,0.0,0.0,0.0,0.0,0.03125
1718110575887329343,1.28,0.0,0.0,0.0,0.0,0.028125
1718110575936143823,1.28,0.0,0.0,0.0,0.0,0.034375
1718110575987957487,1.28,0.0,0.0,0.0,0.0,0.034375
1718110576035716298,1.28,0.0,0.0,0.0,0.0,0.0375
1718110576084041835,1.28,0.0,0.0,0.0,0.0,0.0875
1718110576134303396,1.28,0.0,0.0,0.0,0.0,0.08125
1718110576187724863,1.28,0.0,0.0,0.0,0.0,0.075
1718110576236790928,1.28,0.0,0.0,0.0,0.0,0.071875
1718110576285598033,1.28,0.0,0.0,0.0,0.0,0.065625
1718110576336942391,1.28,0.0,0.0,0.0,0.0,0.0625
1718110576386501288,1.28,0.0,0.0,0.0,0.0,0.059375
1718110576436479160,1.28,0.0,0.0,0.0,0.0,0.05625
1718110576487504520,1.28,0.0,0.0,0.0,0.0,0.059375
1718110576536789879,1.28,0.0,0.0,0.0,0.0,0.14375
1718110576586784087,1.28,0.0,0.0,0.0,0.0,0.134375
1718110576636527699,1.28,0.0,0.0,0.0,0.0,0.125
1718110576686849141,1.28,0.0,0.0,0.0,0.0,0.11875
1718110576736847758,1.28,0.0,0.0,0.0,0.0,0.1125
1718110576786488796,1.28,0.0,0.0,0.0,0.0,0.103125
1718110576836617123,1.28,0.0,0.0,0.0,0.0,0.096875
1718110576886249679,1.28,0.0,0.0,0.0,0.0,0.090625
1718110576936318388,1.28,0.0,0.0,0.0,0.0,0.0875
1718110576985814719,1.28,0.0,0.0,0.0,0.0,0.084375
1718110577038674546,1.28,0.0,0.0,0.0,0.0,0.359375
1718110577087091587,1.28,0.0,0.0,0.0,0.0,0.365625
1718110577140200105,1.28,0.0,0.0,0.0,0.0,0.3125
1718110577190448200,1.28,0.0,0.0,0.0,0.0,0.290625
1718110577239152803,1.28,0.0,0.0,0.0,0.0,0.29375
1718110577283967029,1.28,0.0,0.0,0.0,0.0,0.24375
1718110577339817725,1.28,0.0,0.0,0.0,0.0,0.221875
1718110577386305752,1.28,0.0,0.0,0.0,0.0,0.234375
1718110577436356535,1.28,0.0,0.0,0.0,0.0,0.1875
1718110577487381256,1.28,0.0,0.0,0.0,0.0,0.175
1718110577536583781,1.28,0.0,0.0,0.0,0.0,0.19375
1718110577586575810,1.28,0.0,0.0,0.0,0.0,0.18125
1718110577636585933,1.28,0.0,0.0,0.0,0.0,0.13125
1718110577686214657,1.28,0.0,0.0,0.0,0.0,0.121875
1718110577736407153,1.28,0.0,0.0,0.0,0.0,0.15
1718110577787482569,1.28,0.0,0.0,0.0,0.0,0.1375
1718110577835325955,1.28,0.0,0.0,0.0,0.0,0.125
1718110577888612114,1.28,0.0,0.0,0.0,0.0,0.11875
1718110577938988411,1.28,0.0,0.0,0.0,0.0,0.109375
1718110577985747266,1.28,0.0,0.0,0.0,0.0,0.1
1718110578036471197,1.28,0.0,0.0,0.0,0.0,0.075
1718110578083587717,1.28,0.0,0.0,0.0,0.0,0.078125
1718110578136877323,1.28,0.0,0.0,0.0,0.0,0.075
1718110578188240396,1.28,0.0,0.0,0.0,0.0,0.071875
1718110578235809420,1.28,0.0,0.0,0.0,0.0,0.075
1718110578287160632,1.28,0.0,0.0,0.0,0.0,0.075
1718110578336493134,1.28,0.0,0.0,0.0,0.0,0.08125
1718110578385351439,1.28,0.0,0.0,0.0,0.0,0.084375
1718110578436115008,1.28,0.0,0.0,0.0,0.0,0.084375
1718110578486152097,1.28,0.0,0.0,0.0,0.0,0.0875
1718110578537291797,1.28,0.0,0.0,0.0,0.0,0.090625
1718110578584023021,1.28,0.0,0.0,0.0,0.0,0.0875
1718110578640466614,1.28,0.0,0.0,0.0,0.0,0.09375
1718110578687499653,1.28,0.0,0.0,0.0,0.0,0.1
1718110578735740691,1.28,0.0,0.0,0.0,0.0,0.1
1718110578786057318,1.28,0.0,0.0,0.0,0.0,0.353125
1718110578836752962,1.28,0.0,0.0,0.0,0.0,0.33125
1718110578888071064,1.28,0.0,0.0,0.0,0.0,0.303125
1718110578934793335,1.28,0.0,0.0,0.0,0.0,0.278125
1718110578984569857,1.28,0.0,0.0,0.0,0.0,0.2625
1718110579034859762,1.28,0.0,0.0,0.0,0.0,0.2375
1718110579086925646,1.28,0.0,0.0,0.0,0.0,0.221875
1718110579139108438,1.28,0.0,0.0,0.0,0.0,0.2
1718110579188030503,1.28,0.0,0.0,0.0,0.0,0.184375
1718110579236327689,1.28,0.0,0.0,0.0,0.0,0.171875
1718110579286493395,1.28,0.0,0.0,0.0,0.0,0.159375
1718110579336741030,1.28,0.0,0.0,0.0,0.0,0.14375
1718110579386918588,1.28,0.0,0.0,0.0,0.0,0.1375
1718110579432901531,1.28,0.0,0.0,0.0,0.0,0.14375
1718110579487351831,1.28,0.0,0.0,0.0,0.0,0.140625
1718110579532957533,1.28,0.0,0.0,0.0,0.0,0.140625
1718110579587190728,1.28,0.0,0.0,0.0,0.0,0.140625
1718110579636435078,1.28,0.0,0.0,0.0,0.0,0.14375
1718110579684181136,1.28,0.0,0.0,0.0,0.0,0.14375
1718110579732954826,1.28,0.0,0.0,0.0,0.0,0.146875
1718110579787533090,1.28,0.0,0.0,0.0,0.0,0.146875
1718110579835581013,1.28,0.0,0.0,0.0,0.0,0.153125
1718110579886458775,1.28,0.0,0.0,0.0,0.0,0.159375
1718110579936273867,1.28,0.0,0.0,0.0,0.0,0.159375
1718110579982771393,1.28,0.0,0.0,0.0,0.0,0.159375
1718110580047110040,1.28,0.0,0.0,0.0,0.0,0.159375
1718110580084309555,1.28,0.0,0.0,0.0,0.0,0.159375
1718110580137325249,1.28,0.0,0.0,0.0,0.0,0.1625
1718110580186348339,1.28,0.0,0.0,0.0,0.0,0.1625
1718110580236191773,1.28,0.0,0.0,0.0,0.0,0.1625
1718110580285507689,1.28,0.0,0.0,0.0,0.0,0.15625
1718110580336869548,1.28,0.0,0.0,0.0,0.0,0.15625
1718110580386637312,1.28,0.0,0.0,0.0,0.0,0.15625
1718110580434247465,1.28,0.0,0.0,0.0,0.0,0.153125
1718110580484868382,1.28,0.0,0.0,0.0,0.0,0.153125
1718110580534660202,1.28,0.0,0.0,0.0,0.0,0.15625
1718110580586483092,1.28,0.0,0.0,0.0,0.0,0.15
1718110580635712698,1.28,0.0,0.0,0.0,0.0,0.15
1718110580686547738,1.28,0.0,0.0,0.0,0.0,0.15
1718110580733023884,1.28,0.0,0.0,0.0,0.0,0.15
1718110580786754252,1.28,0.0,0.0,0.0,0.0,0.146875
1718110580837310533,1.28,0.0,0.0,0.0,0.0,0.146875
1718110580887065610,1.28,0.0,0.0,0.0,0.0,0.140625
1718110580934727419,1.28,0.0,0.0,0.0,0.0,0.14375
1718110580983760134,1.28,0.0,0.0,0.0,0.0,0.146875
1718110581037694533,1.28,0.0,0.0,0.0,0.0,0.140625
1718110581085236335,1.28,0.0,0.0,0.0,0.0,0.146875
1718110581136556142,1.28,0.0,0.0,0.0,0.0,0.146875
1718110581185751633,1.28,0.0,0.0,0.0,0.0,0.465625
1718110581238643953,1.28,0.0,0.0,0.0,0.0,0.446875
1718110581288079035,1.28,0.0,0.0,0.0,0.0,0.196875
1718110581336181211,1.28,0.0,0.0,0.0,0.0,0.18125
1718110581386122484,1.28,0.0,0.0,0.0,0.0,0.16875
1718110581436901144,1.28,0.0,0.0,0.0,0.0,0.159375
1718110581488162874,1.28,0.0,0.0,0.0,0.0,0.15
1718110581535901129,1.28,0.0,0.0,0.0,0.0,0.440625
1718110581586208190,1.28,0.0,0.0,0.0,0.0,0.359375
1718110581639815021,1.28,0.0,0.0,0.0,0.0,0.3375
1718110581687184972,1.28,0.0,0.0,0.0,0.0,0.36875
1718110581740828059,1.28,0.0,0.0,0.0,0.0,0.346875
1718110581788807242,1.28,0.0,0.0,0.0,0.0,0.271875
1718110581835031098,1.28,0.0,0.0,0.0,0.0,0.253125
1718110581884402458,1.28,0.0,0.0,0.0,0.0,0.234375
1718110581934556527,1.28,0.0,0.0,0.0,0.0,0.265625
1718110581986837606,1.28,0.0,0.0,0.0,0.0,0.196875
1718110582035916356,1.28,0.0,0.0,0.0,0.0,0.18125
1718110582083915305,1.28,0.0,0.0,0.0,0.0,0.16875
1718110582135309107,1.28,0.0,0.0,0.0,0.0,0.15625
1718110582183201225,1.28,0.0,0.0,0.0,0.0,0.203125
1718110582236589035,1.28,0.0,0.0,0.0,0.0,0.159375
1718110582286052987,1.28,0.0,0.0,0.0,0.0,0.15
1718110582336642029,1.28,0.0,0.0,0.0,0.0,0.15
1718110582386868453,1.28,0.0,0.0,0.0,0.0,0.20625
1718110582432894257,1.28,0.0,0.0,0.0,0.0,0.196875
1718110582486544548,1.28,0.0,0.0,0.0,0.0,0.196875
1718110582535767515,1.28,0.0,0.0,0.0,0.0,0.1375
1718110582586753709,1.28,0.0,0.0,0.0,0.0,0.184375
1718110582635886924,1.28,0.0,0.0,0.0,0.0,0.184375
1718110582685944819,1.28,0.0,0.0,0.0,0.0,0.175
1718110582736767546,1.28,0.0,0.0,0.0,0.0,0.16875
1718110582786649484,1.28,0.0,0.0,0.0,0.0,0.1625
1718110582836819390,1.28,0.0,0.0,0.0,0.0,0.15625
1718110582888322387,1.28,0.0,0.0,0.0,0.0,0.146875
1718110582936382809,1.28,0.0,0.0,0.0,0.0,0.14375
1718110582988190468,1.28,0.0,0.0,0.0,0.0,0.1375
1718110583036218396,1.28,0.0,0.0,0.0,0.0,0.1375
1718110583086106750,1.28,0.0,0.0,0.0,0.0,0.13125
1718110583135461975,1.28,0.0,0.0,0.0,0.0,0.128125
1718110583187704271,1.28,0.0,0.0,0.0,0.0,0.125
1718110583232699791,1.28,0.0,0.0,0.0,0.0,0.121875
1718110583288628063,1.28,0.0,0.0,0.0,0.0,0.125
1718110583335473770,1.28,0.0,0.0,0.0,0.0,0.125
1718110583387077474,1.28,0.0,0.0,0.0,0.0,0.11875
1718110583437001170,1.28,0.0,0.0,0.0,0.0,0.115625
1718110583486333317,1.28,0.0,0.0,0.0,0.0,0.109375
1718110583534257435,1.28,0.0,0.0,0.0,0.0,0.1125
1718110583586812652,1.28,0.0,0.0,0.0,0.0,0.1125
1718110583634278999,1.28,0.0,0.0,0.0,0.0,0.109375
1718110583687463282,1.28,0.0,0.0,0.0,0.0,0.1125
1718110583734573376,1.28,0.0,0.0,0.0,0.0,0.109375
1718110583786561601,1.28,0.0,0.0,0.0,0.0,0.10625
1718110583836932879,1.28,0.0,0.0,0.0,0.0,0.1
1718110583884694922,1.28,0.0,0.0,0.0,0.0,0.175
1718110583935817556,1.28,0.0,0.0,0.0,0.0,0.159375
1718110583986172337,1.28,0.0,0.0,0.0,0.0,0.153125
1718110584036224828,1.28,0.0,0.0,0.0,0.0,0.1375
1718110584087462830,1.28,0.0,0.0,0.0,0.0,0.128125
1718110584132697762,1.28,0.0,0.0,0.0,0.0,0.121875
1718110584187611725,1.28,0.0,0.0,0.0,0.0,0.115625
1718110584232646806,1.28,0.0,0.0,0.0,0.0,0.109375
1718110584283992020,1.28,0.0,0.0,0.0,0.0,0.1
1718110584333073872,1.28,0.0,0.0,0.0,0.0,0.09375
1718110584386498121,1.28,0.0,0.0,0.0,0.0,0.0875
1718110584437995664,1.28,0.0,0.0,0.0,0.0,0.084375
1718110584485576526,1.28,0.0,0.0,0.0,0.0,0.084375
1718110584536794117,1.28,0.0,0.0,0.0,0.0,0.08125
1718110584587127381,1.28,0.0,0.0,0.0,0.0,0.075
1718110584635622256,1.28,0.0,0.0,0.0,0.0,0.071875
1718110584685603770,1.28,0.0,0.0,0.0,0.0,0.06875
1718110584735812868,1.28,0.0,0.0,0.0,0.0,0.0625
1718110584786809299,1.28,0.0,0.0,0.0,0.0,0.059375
1718110584835945157,1.28,0.0,0.0,0.0,0.0,0.05625
1718110584887143105,1.28,0.0,0.0,0.0,0.0,0.059375
1718110584933023984,1.28,0.0,0.0,0.0,0.0,0.05625
1718110584984301865,1.28,0.0,0.0,0.0,0.0,0.0625
1718110585051613787,1.28,0.0,0.0,0.0,0.0,0.0625
1718110585083558637,1.28,0.0,0.0,0.0,0.0,0.059375
1718110585135547408,1.28,0.0,0.0,0.0,0.0,0.059375
1718110585186230562,1.28,0.0,0.0,0.0,0.0,0.05625
1718110585233145200,1.28,0.0,0.0,0.0,0.0,0.053125
1718110585287724470,1.28,0.0,0.0,0.0,0.0,0.05625
1718110585336442328,1.28,0.0,0.0,0.0,0.0,0.053125
1718110585386115395,1.28,0.0,0.0,0.0,0.0,0.053125
1718110585435974104,1.28,0.0,0.0,0.0,0.0,0.053125
1718110585483948165,1.28,0.0,0.0,0.0,0.0,0.053125
1718110585533710399,1.28,0.0,0.0,0.0,0.0,0.05
1718110585588076384,1.28,0.0,0.0,0.0,0.0,0.10625
1718110585632828844,1.28,0.0,0.0,0.0,0.0,0.109375
1718110585686921950,1.28,0.0,0.0,0.0,0.0,0.1
1718110585736106544,1.28,0.0,0.0,0.0,0.0,0.090625
1718110585785791510,1.28,0.0,0.0,0.0,0.0,0.078125
1718110585836692641,1.28,0.0,0.0,0.0,0.0,0.08125
1718110585886469413,1.28,0.0,0.0,0.0,0.0,0.075
1718110585935935431,1.28,0.0,0.0,0.0,0.0,0.06875
1718110585986690558,1.28,0.0,0.0,0.0,0.0,0.05625
1718110586036573979,1.28,0.0,0.0,0.0,0.0,0.05
1718110586085226356,1.28,0.0,0.0,0.0,0.0,0.046875
1718110586136002485,1.28,0.0,0.0,0.0,0.0,0.04375
1718110586186908454,1.28,0.0,0.0,0.0,0.0,0.04375
1718110586237108008,1.28,0.0,0.0,0.0,0.0,0.0375
1718110586286333306,1.28,0.0,0.0,0.0,0.0,0.034375
1718110586336768994,1.28,0.0,0.0,0.0,0.0,0.034375
1718110586386701274,1.28,0.0,0.0,0.0,0.0,0.03125
1718110586436301796,1.28,0.0,0.0,0.0,0.0,0.028125
1718110586483145874,1.28,0.0,0.0,0.0,0.0,0.028125
1718110586537848904,1.28,0.0,0.0,0.0,0.0,0.025
1718110586587916521,1.28,0.0,0.0,0.0,0.0,0.028125
1718110586636573388,1.28,0.0,0.0,0.0,0.0,0.028125
1718110586686788072,1.28,0.0,0.0,0.0,0.0,0.028125
1718110586736137318,1.28,0.0,0.0,0.0,0.0,0.028125
1718110586783885681,1.28,0.0,0.0,0.0,0.0,0.028125
1718110586837255111,1.28,0.0,0.0,0.0,0.0,0.025
1718110586887133347,1.28,0.0,0.0,0.0,0.0,0.025
1718110586937018984,1.28,0.0,0.0,0.0,0.0,0.025
1718110586986051667,1.28,0.0,0.0,0.0,0.0,0.028125
1718110587036043851,1.28,0.0,0.0,0.0,0.0,0.025
1718110587087669956,1.28,0.0,0.0,0.0,0.0,0.025
1718110587135081378,1.28,0.0,0.0,0.0,0.0,0.025
1718110587187929390,1.28,0.0,0.0,0.0,0.0,0.021875
1718110587232925488,1.28,0.0,0.0,0.0,0.0,0.021875
1718110587286478922,1.28,0.0,0.0,0.0,0.0,0.021875
1718110587333421565,1.28,0.0,0.0,0.0,0.0,0.021875
1718110587386392504,1.28,0.0,0.0,0.0,0.0,0.021875
1718110587435078704,1.28,0.0,0.0,0.0,0.0,0.021875
1718110587484353298,1.28,0.0,0.0,0.0,0.0,0.01875
1718110587537522900,1.28,0.0,0.0,0.0,0.0,0.015625
1718110587586180737,1.28,0.0,0.0,0.0,0.0,0.015625
1718110587636032385,1.28,0.0,0.0,0.0,0.0,0.0125
1718110587687364086,1.28,0.0,0.0,0.0,0.0,0.009375
1718110587735153176,1.28,0.0,0.0,0.0,0.0,0.009375
1718110587787744538,1.28,0.0,0.0,0.0,0.0,0.0125
1718110587835577827,1.28,0.0,0.0,0.0,0.0,0.009375
1718110587886449746,1.28,0.0,0.0,0.0,0.0,0.009375
1718110587936674274,1.28,0.0,0.0,0.0,0.0,0.009375
1718110587986767573,1.28,0.0,0.0,0.0,0.0,0.00625
1718110588036227444,1.28,0.0,0.0,0.0,0.0,0.009375
1718110588085734022,1.28,0.0,0.0,0.0,0.0,0.00625
1718110588136519626,1.28,0.0,0.0,0.0,0.0,0.00625
1718110588186454198,1.28,0.0,0.0,0.0,0.0,0.003125
1718110588236951350,1.28,0.0,0.0,0.0,0.0,0.00625
1718110588286761663,1.28,0.0,0.0,0.0,0.0,0.046875
1718110588335553349,1.28,0.0,0.0,0.0,0.0,0.04375
1718110588387123409,1.28,0.0,0.0,0.0,0.0,0.040625
1718110588434966349,1.28,0.0,0.0,0.0,0.0,0.040625
1718110588487515688,1.28,0.0,0.0,0.0,0.0,0.034375
1718110588535387021,1.28,0.0,0.0,0.0,0.0,0.03125
1718110588587248018,1.28,0.0,0.0,0.0,0.0,0.028125
1718110588636656987,1.28,0.0,0.0,0.0,0.0,0.028125
1718110588683167133,1.28,0.0,0.0,0.0,0.0,0.028125
1718110588738206596,1.28,0.0,0.0,0.0,0.0,0.05
1718110588785695917,1.28,0.0,0.0,0.0,0.0,0.046875
1718110588835227621,1.28,0.0,0.0,0.0,0.0,0.046875
1718110588886255872,1.28,0.0,0.0,0.0,0.0,0.04375
1718110588936724419,1.28,0.0,0.0,0.0,0.0,0.084375
1718110588986134215,1.28,0.0,0.0,0.0,0.0,0.075
1718110589034378896,1.28,0.0,0.0,0.0,0.0,0.071875
1718110589087808934,1.28,0.0,0.0,0.0,0.0,0.071875
1718110589134180480,1.28,0.0,0.0,0.0,0.0,0.065625
1718110589187444175,1.28,0.0,0.0,0.0,0.0,0.059375
1718110589236180391,1.28,0.0,0.0,0.0,0.0,0.409375
1718110589287802049,1.28,0.0,0.0,0.0,0.0,0.1625
1718110589336220019,1.28,0.0,0.0,0.0,0.0,0.153125
1718110589386950719,1.28,0.0,0.0,0.0,0.0,0.140625
1718110589436443102,1.28,0.0,0.0,0.0,0.0,0.13125
1718110589483312635,1.28,0.0,0.0,0.0,0.0,0.125
1718110589538398770,1.28,0.0,0.0,0.0,0.0,0.1125
1718110589587556203,1.28,0.0,0.0,0.0,0.0,0.10625
1718110589636828399,1.28,0.0,0.0,0.0,0.0,0.1
1718110589686746078,1.28,0.0,0.0,0.0,0.0,0.09375
1718110589736656822,1.28,0.0,0.0,0.0,0.0,0.0875
1718110589783685135,1.28,0.0,0.0,0.0,0.0,0.084375
1718110589835506308,1.28,0.0,0.0,0.0,0.0,0.0875
1718110589887210658,1.28,0.0,0.0,0.0,0.0,0.325
1718110589936684005,1.28,0.0,0.0,0.0,0.0,0.075
1718110589987613394,1.28,0.0,0.0,0.0,0.0,0.4125
1718110590051433512,1.28,0.0,0.0,0.0,0.0,0.3625
1718110590086944245,1.28,0.0,0.0,0.0,0.0,0.18125
1718110590137354123,1.28,0.0,0.0,0.0,0.0,0.33125
1718110590189445568,1.28,0.0,0.0,0.0,0.0,0.2375
1718110590237920147,1.28,0.0,0.0,0.0,0.0,0.2875
1718110590286846241,1.28,0.0,0.0,0.0,0.0,0.309375
1718110590340289086,1.28,0.0,0.0,0.0,0.0,0.10625
1718110590385247413,1.28,0.0,0.0,0.0,0.0,0.190625
1718110590436921509,1.28,0.0,0.0,0.0,0.0,0.05625
1718110590487147329,1.28,0.0,0.0,0.0,0.0,0.26875
1718110590535244480,1.28,0.0,0.0,0.0,0.0,0.0375
1718110590585146556,1.28,0.0,0.0,0.0,0.0,0.24375
1718110590635817023,1.28,0.0,0.0,0.0,0.0,0.146875
1718110590687782000,1.28,0.0,0.0,0.0,0.0,0.215625
1718110590733133870,1.28,0.0,0.0,0.0,0.0,0.00625
1718110590787725414,1.28,0.0,0.0,0.0,0.0,0.15625
1718110590832788587,1.28,0.0,0.0,0.0,0.0,0.146875
1718110590887825267,1.28,0.0,0.0,0.0,0.0,0.18125
1718110590935836637,1.28,0.0,0.0,0.0,0.0,0.171875
1718110590987997101,1.28,0.0,0.0,0.0,0.0,0.153125
1718110591038503888,1.28,0.0,0.0,0.0,0.0,0.140625
1718110591086142504,1.28,0.0,0.0,0.0,0.0,0.134375
1718110591139905848,1.28,0.0,0.0,0.0,0.0,0.121875
1718110591185734851,1.28,0.0,0.0,0.0,0.0,0.121875
1718110591236596852,1.28,0.0,0.0,0.0,0.0,0.115625
1718110591283355524,1.28,0.0,0.0,0.0,0.0,0.115625
1718110591336792686,1.28,0.0,0.0,0.0,0.0,0.11875
1718110591386501221,1.28,0.0,0.0,0.0,0.0,0.121875
1718110591436400645,1.28,0.0,0.0,0.0,0.0,0.128125
1718110591486685698,1.28,0.0,0.0,0.0,0.0,0.128125
1718110591535886805,1.28,0.0,0.0,0.0,0.0,0.128125
1718110591588077321,1.28,0.0,0.0,0.0,0.0,0.13125
1718110591636959130,1.28,0.0,0.0,0.0,0.0,0.134375
1718110591686262317,1.28,0.0,0.0,0.0,0.0,0.13125
1718110591736263606,1.28,0.0,0.0,0.0,0.0,0.140625
1718110591786107918,1.28,0.0,0.0,0.0,0.0,0.121875
1718110591837484516,1.28,0.0,0.0,0.0,0.0,0.140625
1718110591886612920,1.28,0.0,0.0,0.0,0.0,0.125
1718110591937508669,1.28,0.0,0.0,0.0,0.0,0.134375
1718110591986901307,1.28,0.0,0.0,0.0,0.0,0.1375
1718110592036144278,1.28,0.0,0.0,0.0,0.0,0.1375
1718110592085903088,1.28,0.0,0.0,0.0,0.0,0.13125
1718110592136896291,1.28,0.0,0.0,0.0,0.0,0.128125
1718110592186697502,1.28,0.0,0.0,0.0,0.0,0.128125
1718110592235046946,1.28,0.0,0.0,0.0,0.0,0.128125
1718110592287408447,1.28,0.0,0.0,0.0,0.0,0.13125
1718110592333911198,1.28,0.0,0.0,0.0,0.0,0.1375
1718110592386530614,1.28,0.0,0.0,0.0,0.0,0.13125
1718110592435157388,1.28,0.0,0.0,0.0,0.0,0.14375
1718110592484489461,1.28,0.0,0.0,0.0,0.0,0.178125
1718110592533081158,1.28,0.0,0.0,0.0,0.0,0.165625
1718110592588887931,1.28,0.0,0.0,0.0,0.0,0.2375
1718110592636507539,1.28,0.0,0.0,0.0,0.0,0.134375
1718110592683279602,1.28,0.0,0.0,0.0,0.0,0.2125
1718110592735621726,1.28,0.0,0.0,0.0,0.0,0.2
1718110592786992139,1.28,0.0,0.0,0.0,0.0,0.18125
1718110592833345659,1.28,0.0,0.0,0.0,0.0,0.171875
1718110592888130836,1.28,0.0,0.0,0.0,0.0,0.1625
1718110592934773961,1.28,0.0,0.0,0.0,0.0,0.146875
1718110592987234463,1.28,0.0,0.0,0.0,0.0,0.2125
1718110593033458791,1.28,0.0,0.0,0.0,0.0,0.2
1718110593086942487,1.28,0.0,0.0,0.0,0.0,0.184375
1718110593135053565,1.28,0.0,0.0,0.0,0.0,0.178125
1718110593186966947,1.28,0.0,0.0,0.0,0.0,0.18125
1718110593235055523,1.28,0.0,0.0,0.0,0.0,0.184375
1718110593285593174,1.28,0.0,0.0,0.0,0.0,0.178125
1718110593336393302,1.28,0.0,0.0,0.0,0.0,0.18125
1718110593383047780,1.28,0.0,0.0,0.0,0.0,0.171875
1718110593437192536,1.28,0.0,0.0,0.0,0.0,0.209375
1718110593487009561,1.28,0.0,0.0,0.0,0.0,0.19375
1718110593533457207,1.28,0.0,0.0,0.0,0.0,0.184375
1718110593586946935,1.28,0.0,0.0,0.0,0.0,0.178125
1718110593634335909,1.28,0.0,0.0,0.0,0.0,0.20625
1718110593686731492,1.28,0.0,0.0,0.0,0.0,0.1875
1718110593736453925,1.28,0.0,0.0,0.0,0.0,0.18125
1718110593786772881,1.28,0.0,0.0,0.0,0.0,0.196875
1718110593836185672,1.28,0.0,0.0,0.0,0.0,0.184375
1718110593883430078,1.28,0.0,0.0,0.0,0.0,0.228125
1718110593937534557,1.28,0.0,0.0,0.0,0.0,0.215625
1718110593985816836,1.28,0.0,0.0,0.0,0.0,0.2
1718110594036782948,1.28,0.0,0.0,0.0,0.0,0.1875
1718110594082706521,1.28,0.0,0.0,0.0,0.0,0.171875
1718110594138674765,1.28,0.0,0.0,0.0,0.0,0.1625
1718110594182596455,1.28,0.0,0.0,0.0,0.0,0.18125
1718110594237390822,1.28,0.0,0.0,0.0,0.0,0.16875
1718110594286173350,1.28,0.0,0.0,0.0,0.0,0.15625
1718110594336965916,1.28,0.0,0.0,0.0,0.0,0.2875
1718110594387589107,1.28,0.0,0.0,0.0,0.0,0.2625
1718110594432692749,1.28,0.0,0.0,0.0,0.0,0.25
1718110594487918520,1.28,0.0,0.0,0.0,0.0,0.228125
1718110594535099610,1.28,0.0,0.0,0.0,0.0,0.2125
1718110594585794315,1.28,0.0,0.0,0.0,0.0,0.196875
1718110594636667621,1.28,0.0,0.0,0.0,0.0,0.184375
1718110594687083683,1.28,0.0,0.0,0.0,0.0,0.178125
1718110594736452298,1.28,0.0,0.0,0.0,0.0,0.1625
1718110594786819475,1.28,0.0,0.0,0.0,0.0,0.153125
1718110594833465226,1.28,0.0,0.0,0.0,0.0,0.146875
1718110594888070994,1.28,0.0,0.0,0.0,0.0,0.171875
1718110594936470291,1.28,0.0,0.0,0.0,0.0,0.159375
1718110594986544255,1.28,0.0,0.0,0.0,0.0,0.153125
1718110595045358050,1.28,0.0,0.0,0.0,0.0,0.54375
1718110595085920104,1.28,0.0,0.0,0.0,0.0,0.525
1718110595137417084,1.28,0.0,0.0,0.0,0.0,0.4375
1718110595186016927,1.28,0.0,0.0,0.0,0.0,0.48125
1718110595237157046,1.28,0.0,0.0,0.0,0.0,0.459375
1718110595287137864,1.28,0.0,0.0,0.0,0.0,0.19375
1718110595337454574,1.28,0.0,0.0,0.0,0.0,0.359375
1718110595388056093,1.28,0.0,0.0,0.0,0.0,0.159375
1718110595436677694,1.28,0.0,0.0,0.0,0.0,0.15
1718110595486460566,1.28,0.0,0.0,0.0,0.0,0.140625
1718110595537869026,1.28,0.0,0.0,0.0,0.0,0.128125
1718110595585696323,1.28,0.0,0.0,0.0,0.0,0.121875
1718110595636579714,1.28,0.0,0.0,0.0,0.0,0.1125
1718110595685203194,1.28,0.0,0.0,0.0,0.0,0.103125
1718110595735917455,1.28,0.0,0.0,0.0,0.0,0.290625
1718110595786343340,1.28,0.0,0.0,0.0,0.0,0.271875
1718110595836438084,1.28,0.0,0.0,0.0,0.0,0.253125
1718110595886154561,1.28,0.0,0.0,0.0,0.0,0.228125
1718110595935804178,1.28,0.0,0.0,0.0,0.0,0.21875
1718110595986513001,1.28,0.0,0.0,0.0,0.0,0.2
1718110596035763233,1.28,0.0,0.0,0.0,0.0,0.184375
1718110596086431590,1.28,0.0,0.0,0.0,0.0,0.175
1718110596135911841,1.28,0.0,0.0,0.0,0.0,0.16875
1718110596186646210,1.28,0.0,0.0,0.0,0.0,0.153125
1718110596233456224,1.28,0.0,0.0,0.0,0.0,0.1375
1718110596286944641,1.28,0.0,0.0,0.0,0.0,0.134375
1718110596336820174,1.28,0.0,0.0,0.0,0.0,0.125
1718110596387324067,1.28,0.0,0.0,0.0,0.0,0.1125
1718110596435222189,1.28,0.0,0.0,0.0,0.0,0.115625
1718110596483647067,1.28,0.0,0.0,0.0,0.0,0.10625
1718110596533069797,1.28,0.0,0.0,0.0,0.0,0.10625
1718110596587123536,1.28,0.0,0.0,0.0,0.0,0.159375
1718110596637033043,1.28,0.0,0.0,0.0,0.0,0.146875
1718110596687215712,1.28,0.0,0.0,0.0,0.0,0.1375
1718110596735049012,1.28,0.0,0.0,0.0,0.0,0.125
1718110596783919126,1.28,0.0,0.0,0.0,0.0,0.11875
1718110596837215292,1.28,0.0,0.0,0.0,0.0,0.1125
1718110596886693782,1.28,0.0,0.0,0.0,0.0,0.10625
1718110596936850000,1.28,0.0,0.0,0.0,0.0,0.103125
1718110596986138034,1.28,0.0,0.0,0.0,0.0,0.103125
1718110597036255648,1.28,0.0,0.0,0.0,0.0,0.196875
1718110597087440752,1.28,0.0,0.0,0.0,0.0,0.18125
1718110597133178492,1.28,0.0,0.0,0.0,0.0,0.16875
1718110597186025793,1.28,0.0,0.0,0.0,0.0,0.15625
1718110597236500765,1.28,0.0,0.0,0.0,0.0,0.146875
1718110597287955575,1.28,0.0,0.0,0.0,0.0,0.134375
1718110597336857427,1.28,0.0,0.0,0.0,0.0,0.128125
1718110597385304512,1.28,0.0,0.0,0.0,0.0,0.11875
1718110597438276828,1.28,0.0,0.0,0.0,0.0,0.109375
1718110597486631516,1.28,0.0,0.0,0.0,0.0,0.1
1718110597533229709,1.28,0.0,0.0,0.0,0.0,0.096875
1718110597587272983,1.28,0.0,0.0,0.0,0.0,0.090625
1718110597633426560,1.28,0.0,0.0,0.0,0.0,0.084375
1718110597688451066,1.28,0.0,0.0,0.0,0.0,0.078125
1718110597734655258,1.28,0.0,0.0,0.0,0.0,0.075
1718110597787581969,1.28,0.0,0.0,0.0,0.0,0.071875
1718110597835724086,1.28,0.0,0.0,0.0,0.0,0.071875
1718110597887851915,1.28,0.0,0.0,0.0,0.0,0.065625
1718110597936290832,1.28,0.0,0.0,0.0,0.0,0.065625
1718110597987555900,1.28,0.0,0.0,0.0,0.0,0.0625
1718110598034108899,1.28,0.0,0.0,0.0,0.0,0.059375
1718110598087746424,1.28,0.0,0.0,0.0,0.0,0.05625
1718110598133034187,1.28,0.0,0.0,0.0,0.0,0.05625
1718110598186847391,1.28,0.0,0.0,0.0,0.0,0.09375
1718110598234987359,1.28,0.0,0.0,0.0,0.0,0.084375
1718110598284825983,1.28,0.0,0.0,0.0,0.0,0.084375
1718110598338654629,1.28,0.0,0.0,0.0,0.0,0.075
1718110598383198256,1.28,0.0,0.0,0.0,0.0,0.071875
1718110598437766762,1.28,0.0,0.0,0.0,0.0,0.065625
1718110598486895446,1.28,0.0,0.0,0.0,0.0,0.059375
1718110598537098693,1.28,0.0,0.0,0.0,0.0,0.05625
1718110598586349828,1.28,0.0,0.0,0.0,0.0,0.059375
1718110598634066736,1.28,0.0,0.0,0.0,0.0,0.05
1718110598687738654,1.28,0.0,0.0,0.0,0.0,0.046875
1718110598733100575,1.28,0.0,0.0,0.0,0.0,0.046875
1718110598786844465,1.28,0.0,0.0,0.0,0.0,0.046875
1718110598834623812,1.28,0.0,0.0,0.0,0.0,0.046875
1718110598885163476,1.28,0.0,0.0,0.0,0.0,0.04375
1718110598936830850,1.28,0.0,0.0,0.0,0.0,0.0375
1718110598986696609,1.28,0.0,0.0,0.0,0.0,0.046875
1718110599036409713,1.28,0.0,0.0,0.0,0.0,0.046875
1718110599086021606,1.28,0.0,0.0,0.0,0.0,0.05
1718110599134931635,1.28,0.0,0.0,0.0,0.0,0.05
1718110599184774352,1.28,0.0,0.0,0.0,0.0,0.103125
1718110599236879264,1.28,0.0,0.0,0.0,0.0,0.09375
1718110599286365681,1.28,0.0,0.0,0.0,0.0,0.084375
1718110599335558577,1.28,0.0,0.0,0.0,0.0,0.08125
1718110599388178334,1.28,0.0,0.0,0.0,0.0,0.071875
1718110599433646655,1.28,0.0,0.0,0.0,0.0,0.071875
1718110599485833841,1.28,0.0,0.0,0.0,0.0,0.0625
1718110599536210328,1.28,0.0,0.0,0.0,0.0,0.059375
1718110599586954383,1.28,0.0,0.0,0.0,0.0,0.05625
1718110599639580887,1.28,0.0,0.0,0.0,0.0,0.053125
1718110599685791777,1.28,0.0,0.0,0.0,0.0,0.046875
1718110599739076981,1.28,0.0,0.0,0.0,0.0,0.04375
1718110599784440015,1.28,0.0,0.0,0.0,0.0,0.04375
1718110599835332739,1.28,0.0,0.0,0.0,0.0,0.040625
1718110599883846716,1.28,0.0,0.0,0.0,0.0,0.034375
1718110599937165610,1.28,0.0,0.0,0.0,0.0,0.03125
1718110599986121871,1.28,0.0,0.0,0.0,0.0,0.034375
1718110600046393570,1.28,0.0,0.0,0.0,0.0,0.028125
1718110600086518080,1.28,0.0,0.0,0.0,0.0,0.025
1718110600136161107,1.28,0.0,0.0,0.0,0.0,0.021875
1718110600188802879,1.28,0.0,0.0,0.0,0.0,0.021875
1718110600235603911,1.28,0.0,0.0,0.0,0.0,0.021875
1718110600286892552,1.28,0.0,0.0,0.0,0.0,0.01875
1718110600334960668,1.28,0.0,0.0,0.0,0.0,0.015625
1718110600386946858,1.28,0.0,0.0,0.0,0.0,0.01875
1718110600435806494,1.28,0.0,0.0,0.0,0.0,0.01875
1718110600485494074,1.28,0.0,0.0,0.0,0.0,0.0125
1718110600536705946,1.28,0.0,0.0,0.0,0.0,0.015625
1718110600587105376,1.28,0.0,0.0,0.0,0.0,0.015625
1718110600635018702,1.28,0.0,0.0,0.0,0.0,0.0125
1718110600687495122,1.28,0.0,0.0,0.0,0.0,0.015625
1718110600737002149,1.28,0.0,0.0,0.0,0.0,0.015625
1718110600786530860,1.28,0.0,0.0,0.0,0.0,0.0125
1718110600838086742,1.28,0.0,0.0,0.0,0.0,0.0125
1718110600887820060,1.28,0.0,0.0,0.0,0.0,0.015625
1718110600935776945,1.28,0.0,0.0,0.0,0.0,0.0125
1718110600983452423,1.28,0.0,0.0,0.0,0.0,0.0125
1718110601037582997,1.28,0.0,0.0,0.0,0.0,0.015625
1718110601086061426,1.28,0.0,0.0,0.0,0.0,0.0125
1718110601136450539,1.28,0.0,0.0,0.0,0.0,0.0125
1718110601186597696,1.28,0.0,0.0,0.0,0.0,0.015625
1718110601237111811,1.28,0.0,0.0,0.0,0.0,0.015625
1718110601286831483,1.28,0.0,0.0,0.0,0.0,0.0125
1718110601338349215,1.28,0.0,0.0,0.0,0.0,0.015625
1718110601384971413,1.28,0.0,0.0,0.0,0.0,0.0125
1718110601436618019,1.28,0.0,0.0,0.0,0.0,0.015625
1718110601485735974,1.28,0.0,0.0,0.0,0.0,0.015625
1718110601537164463,1.28,0.0,0.0,0.0,0.0,0.0125
1718110601587015062,1.28,0.0,0.0,0.0,0.0,0.015625
1718110601636808857,1.28,0.0,0.0,0.0,0.0,0.01875
1718110601683318404,1.28,0.0,0.0,0.0,0.0,0.01875
1718110601737779641,1.28,0.0,0.0,0.0,0.0,0.01875
1718110601785207992,1.28,0.0,0.0,0.0,0.0,0.021875
1718110601835890410,1.28,0.0,0.0,0.0,0.0,0.025
1718110601887755786,1.28,0.0,0.0,0.0,0.0,0.025
1718110601935760549,1.28,0.0,0.0,0.0,0.0,0.025
1718110601985775498,1.28,0.0,0.0,0.0,0.0,0.025
1718110602035857421,1.28,0.0,0.0,0.0,0.0,0.028125
1718110602085776967,1.28,0.0,0.0,0.0,0.0,0.025
1718110602136572058,1.28,0.0,0.0,0.0,0.0,0.028125
1718110602187077514,1.28,0.0,0.0,0.0,0.0,0.028125
1718110602233242943,1.28,0.0,0.0,0.0,0.0,0.103125
1718110602287642998,1.28,0.0,0.0,0.0,0.0,0.096875
1718110602332826191,1.28,0.0,0.0,0.0,0.0,0.090625
1718110602385419149,1.28,0.0,0.0,0.0,0.0,0.084375
1718110602436789369,1.28,0.0,0.0,0.0,0.0,0.08125
1718110602484977051,1.28,0.0,0.0,0.0,0.0,0.071875
1718110602534976568,1.28,0.0,0.0,0.0,0.0,0.065625
1718110602583969457,1.28,0.0,0.0,0.0,0.0,0.0625
1718110602636938886,1.28,0.0,0.0,0.0,0.0,0.059375
1718110602687350527,1.28,0.0,0.0,0.0,0.0,0.05625
1718110602733526494,1.28,0.0,0.0,0.0,0.0,0.05625
1718110602785646110,1.28,0.0,0.0,0.0,0.0,0.059375
1718110602836883113,1.28,0.0,0.0,0.0,0.0,0.0625
1718110602885094924,1.28,0.0,0.0,0.0,0.0,0.0625
1718110602935429951,1.28,0.0,0.0,0.0,0.0,0.065625
1718110602987294851,1.28,0.0,0.0,0.0,0.0,0.065625
1718110603036612624,1.28,0.0,0.0,0.0,0.0,0.06875
1718110603083345845,1.28,0.0,0.0,0.0,0.0,0.171875
1718110603134575037,1.28,0.0,0.0,0.0,0.0,0.159375
1718110603188086282,1.28,0.0,0.0,0.0,0.0,0.15
1718110603233924203,1.28,0.0,0.0,0.0,0.0,0.1375
1718110603288397386,1.28,0.0,0.0,0.0,0.0,0.128125
1718110603333523080,1.28,0.0,0.0,0.0,0.0,0.121875
1718110603386499037,1.28,0.0,0.0,0.0,0.0,0.115625
1718110603436429186,1.28,0.0,0.0,0.0,0.0,0.10625
1718110603486848361,1.28,0.0,0.0,0.0,0.0,0.1
1718110603535149350,1.28,0.0,0.0,0.0,0.0,0.09375
1718110603586214676,1.28,0.0,0.0,0.0,0.0,0.084375
1718110603635003438,1.28,0.0,0.0,0.0,0.0,0.08125
1718110603687513808,1.28,0.0,0.0,0.0,0.0,0.084375
1718110603735536768,1.28,0.0,0.0,0.0,0.0,0.0875
1718110603786860010,1.28,0.0,0.0,0.0,0.0,0.140625
1718110603836240457,1.28,0.0,0.0,0.0,0.0,0.13125
1718110603886760073,1.28,0.0,0.0,0.0,0.0,0.121875
1718110603936266184,1.28,0.0,0.0,0.0,0.0,0.2125
1718110603983845711,1.28,0.0,0.0,0.0,0.0,0.196875
1718110604037566767,1.28,0.0,0.0,0.0,0.0,0.178125
1718110604086057438,1.28,0.0,0.0,0.0,0.0,0.16875
1718110604134703861,1.28,0.0,0.0,0.0,0.0,0.1625
1718110604184303106,1.28,0.0,0.0,0.0,0.0,0.146875
1718110604236735301,1.28,0.0,0.0,0.0,0.0,0.134375
1718110604285949268,1.28,0.0,0.0,0.0,0.0,0.13125
1718110604336908846,1.28,0.0,0.0,0.0,0.0,0.125
1718110604388345702,1.28,0.0,0.0,0.0,0.0,0.1125
1718110604435592729,1.28,0.0,0.0,0.0,0.0,0.109375
1718110604484185936,1.28,0.0,0.0,0.0,0.0,0.109375
1718110604533102932,1.28,0.0,0.0,0.0,0.0,0.10625
1718110604588146093,1.28,0.0,0.0,0.0,0.0,0.103125
1718110604635730179,1.28,0.0,0.0,0.0,0.0,0.10625
1718110604686870873,1.28,0.0,0.0,0.0,0.0,0.103125
1718110604735719355,1.28,0.0,0.0,0.0,0.0,0.190625
1718110604786791217,1.28,0.0,0.0,0.0,0.0,0.175
1718110604836117769,1.28,0.0,0.0,0.0,0.0,0.175
1718110604882963031,1.28,0.0,0.0,0.0,0.0,0.15625
1718110604938608262,1.28,0.0,0.0,0.0,0.0,0.15625
1718110604985447025,1.28,0.0,0.0,0.0,0.0,0.15
1718110605046933630,1.28,0.0,0.0,0.0,0.0,0.14375
1718110605084146245,1.28,0.0,0.0,0.0,0.0,0.14375
1718110605137424355,1.28,0.0,0.0,0.0,0.0,0.134375
1718110605186527172,1.28,0.0,0.0,0.0,0.0,0.134375
1718110605236686093,1.28,0.0,0.0,0.0,0.0,0.13125
1718110605285130454,1.28,0.0,0.0,0.0,0.0,0.128125
1718110605336766819,1.28,0.0,0.0,0.0,0.0,0.128125
1718110605386063640,1.28,0.0,0.0,0.0,0.0,0.36875
1718110605435551760,1.28,0.0,0.0,0.0,0.0,0.35
1718110605487279042,1.28,0.0,0.0,0.0,0.0,0.328125
1718110605540349115,1.28,0.0,0.0,0.0,0.0,0.30625
1718110605586913862,1.28,0.0,0.0,0.0,0.0,0.284375
1718110605638479319,1.28,0.0,0.0,0.0,0.0,-0.7875
1718110605689789356,1.28,0.0,0.0,0.0,0.0,0.296875
1718110605743662475,1.28,0.0,0.0,0.0,0.0,-0.815625
1718110605784939169,1.28,0.0,0.0,0.0,0.0,0.309375
1718110605842455481,1.28,0.0,0.0,0.0,0.0,0.284375
1718110605883712003,1.28,0.0,0.0,0.0,0.0,0.2625
1718110605937166467,1.28,0.0,0.0,0.0,0.0,0.24375
1718110605986128282,1.28,0.0,0.0,0.0,0.0,0.23125
1718110606037104349,1.28,0.0,0.0,0.0,0.0,0.2125
1718110606087452942,1.28,0.0,0.0,0.0,0.0,0.2
1718110606133275574,1.28,0.0,0.0,0.0,0.0,0.184375
1718110606186882661,1.28,0.0,0.0,0.0,0.0,0.171875
1718110606233461181,1.28,0.0,0.0,0.0,0.0,0.1625
1718110606287771470,1.28,0.0,0.0,0.0,0.0,0.15
1718110606336283525,1.28,0.0,0.0,0.0,0.0,0.140625
1718110606387476025,1.28,0.0,0.0,0.0,0.0,0.134375
1718110606435871898,1.28,0.0,0.0,0.0,0.0,0.1375
1718110606486762340,1.28,0.0,0.0,0.0,0.0,0.1375
1718110606536594974,1.28,0.0,0.0,0.0,0.0,0.134375
1718110606586691857,1.28,0.0,0.0,0.0,0.0,0.253125
1718110606636351174,1.28,0.0,0.0,0.0,0.0,0.23125
1718110606685164914,1.28,0.0,0.0,0.0,0.0,0.2125
1718110606736637196,1.28,0.0,0.0,0.0,0.0,0.2
1718110606785932776,1.28,0.0,0.0,0.0,0.0,0.1875
1718110606836987098,1.28,0.0,0.0,0.0,0.0,0.175
1718110606887450972,1.28,0.0,0.0,0.0,0.0,0.1625
1718110606937884255,1.28,0.0,0.0,0.0,0.0,0.153125
1718110606986818900,1.28,0.0,0.0,0.0,0.0,0.140625
1718110607036665446,1.28,0.0,0.0,0.0,0.0,0.134375
1718110607086865694,1.28,0.0,0.0,0.0,0.0,0.128125
1718110607136522343,1.28,0.0,0.0,0.0,0.0,0.13125
1718110607183694225,1.28,0.0,0.0,0.0,0.0,0.128125
1718110607235000393,1.28,0.0,0.0,0.0,0.0,0.215625
1718110607287497596,1.28,0.0,0.0,0.0,0.0,0.203125
1718110607336680083,1.28,0.0,0.0,0.0,0.0,0.1875
1718110607386782213,1.28,0.0,0.0,0.0,0.0,0.171875
1718110607436478960,1.28,0.0,0.0,0.0,0.0,0.1625
1718110607486531460,1.28,0.0,0.0,0.0,0.0,0.15
1718110607536378763,1.28,0.0,0.0,0.0,0.0,0.146875
1718110607586491172,1.28,0.0,0.0,0.0,0.0,0.1375
1718110607634544231,1.28,0.0,0.0,0.0,0.0,0.134375
1718110607686089757,1.28,0.0,0.0,0.0,0.0,0.159375
1718110607735813413,1.28,0.0,0.0,0.0,0.0,0.15
1718110607783522902,1.28,0.0,0.0,0.0,0.0,0.14375
1718110607836671002,1.28,0.0,0.0,0.0,0.0,0.140625
1718110607888175170,1.28,0.0,0.0,0.0,0.0,0.321875
1718110607937941899,1.28,0.0,0.0,0.0,0.0,0.2875
1718110607985525326,1.28,0.0,0.0,0.0,0.0,0.2625
1718110608036471397,1.28,0.0,0.0,0.0,0.0,0.246875
1718110608086933972,1.28,0.0,0.0,0.0,0.0,0.23125
1718110608133174884,1.28,0.0,0.0,0.0,0.0,0.2125
1718110608187886589,1.28,0.0,0.0,0.0,0.0,0.196875
1718110608235418488,1.28,0.0,0.0,0.0,0.0,0.153125
1718110608287180585,1.28,0.0,0.0,0.0,0.0,0.178125
1718110608335671876,1.28,0.0,0.0,0.0,0.0,0.175
1718110608386984435,1.28,0.0,0.0,0.0,0.0,0.171875
1718110608437042793,1.28,0.0,0.0,0.0,0.0,0.16875
1718110608486760095,1.28,0.0,0.0,0.0,0.0,0.165625
1718110608536502904,1.28,0.0,0.0,0.0,0.0,0.159375
1718110608583212290,1.28,0.0,0.0,0.0,0.0,0.159375
1718110608637736951,1.28,0.0,0.0,0.0,0.0,0.15625
1718110608683765722,1.28,0.0,0.0,0.0,0.0,0.159375
1718110608740609942,1.28,0.0,0.0,0.0,0.0,0.1875
1718110608786072675,1.28,0.0,0.0,0.0,0.0,0.175
1718110608836577303,1.28,0.0,0.0,0.0,0.0,0.165625
1718110608888177335,1.28,0.0,0.0,0.0,0.0,0.15
1718110608935128056,1.28,0.0,0.0,0.0,0.0,0.14375
1718110608987118110,1.28,0.0,0.0,0.0,0.0,0.296875
1718110609033709808,1.28,0.0,0.0,0.0,0.0,0.278125
1718110609085982009,1.28,0.0,0.0,0.0,0.0,0.259375
1718110609136201873,1.28,0.0,0.0,0.0,0.0,0.2375
1718110609183547253,1.28,0.0,0.0,0.0,0.0,0.221875
1718110609235017150,1.28,0.0,0.0,0.0,0.0,0.209375
1718110609284804216,1.28,0.0,0.0,0.0,0.0,0.1875
1718110609337209986,1.28,0.0,0.0,0.0,0.0,0.175
1718110609385169315,1.28,0.0,0.0,0.0,0.0,0.165625
1718110609437237691,1.28,0.0,0.0,0.0,0.0,0.15
1718110609486702122,1.28,0.0,0.0,0.0,0.0,0.1375
1718110609536204524,1.28,0.0,0.0,0.0,0.0,0.140625
1718110609586000668,1.28,0.0,0.0,0.0,0.0,0.1375
1718110609636232529,1.28,0.0,0.0,0.0,0.0,0.128125
1718110609686727003,1.28,0.0,0.0,0.0,0.0,0.13125
1718110609736036246,1.28,0.0,0.0,0.0,0.0,0.128125
1718110609787087525,1.28,0.0,0.0,0.0,0.0,0.228125
1718110609836671569,1.28,0.0,0.0,0.0,0.0,0.2125
1718110609887828560,1.28,0.0,0.0,0.0,0.0,0.196875
1718110609935891413,1.28,0.0,0.0,0.0,0.0,0.15
1718110609987695821,1.28,0.0,0.0,0.0,0.0,0.1375
1718110610046627279,1.28,0.0,0.0,0.0,0.0,0.128125
1718110610087996120,1.28,0.0,0.0,0.0,0.0,0.11875
1718110610136740046,1.28,0.0,0.0,0.0,0.0,0.153125
1718110610186598194,1.28,0.0,0.0,0.0,0.0,0.1375
1718110610237407903,1.28,0.0,0.0,0.0,0.0,0.128125
1718110610287359783,1.28,0.0,0.0,0.0,0.0,0.11875
1718110610336328374,1.28,0.0,0.0,0.0,0.0,0.115625
1718110610387213823,1.28,0.0,0.0,0.0,0.0,0.10625
1718110610434477827,1.28,0.0,0.0,0.0,0.0,0.109375
1718110610487265054,1.28,0.0,0.0,0.0,0.0,0.103125
1718110610535387414,1.28,0.0,0.0,0.0,0.0,0.096875
1718110610587516931,1.28,0.0,0.0,0.0,0.0,0.096875
1718110610634390895,1.28,0.0,0.0,0.0,0.0,0.196875
1718110610687128699,1.28,0.0,0.0,0.0,0.0,0.184375
1718110610734712484,1.28,0.0,0.0,0.0,0.0,0.171875
1718110610787995429,1.28,0.0,0.0,0.0,0.0,0.159375
1718110610835174279,1.28,0.0,0.0,0.0,0.0,0.15
1718110610884011267,1.28,0.0,0.0,0.0,0.0,0.1375
1718110610937121152,1.28,0.0,0.0,0.0,0.0,0.128125
1718110610986936587,1.28,0.0,0.0,0.0,0.0,0.115625
1718110611036351141,1.28,0.0,0.0,0.0,0.0,0.109375
1718110611087209369,1.28,0.0,0.0,0.0,0.0,0.103125
1718110611137234228,1.28,0.0,0.0,0.0,0.0,0.096875
1718110611186543772,1.28,0.0,0.0,0.0,0.0,0.090625
1718110611236597683,1.28,0.0,0.0,0.0,0.0,0.08125
1718110611287494412,1.28,0.0,0.0,0.0,0.0,0.075
1718110611336741686,1.28,0.0,0.0,0.0,0.0,0.071875
1718110611386624866,1.28,0.0,0.0,0.0,0.0,0.065625
1718110611436557373,1.28,0.0,0.0,0.0,0.0,0.059375
1718110611486956025,1.28,0.0,0.0,0.0,0.0,0.05625
1718110611536368576,1.28,0.0,0.0,0.0,0.0,0.05625
1718110611586914474,1.28,0.0,0.0,0.0,0.0,0.05
1718110611633540923,1.28,0.0,0.0,0.0,0.0,0.046875
1718110611687444604,1.28,0.0,0.0,0.0,0.0,0.04375
1718110611736546974,1.28,0.0,0.0,0.0,0.0,0.04375
1718110611783131357,1.28,0.0,0.0,0.0,0.0,0.04375
1718110611837901238,1.28,0.0,0.0,0.0,0.0,0.040625
1718110611886078854,1.28,0.0,0.0,0.0,0.0,0.0375
1718110611936860844,1.28,0.0,0.0,0.0,0.0,0.040625
1718110611987395507,1.28,0.0,0.0,0.0,0.0,0.0375
1718110612032864684,1.28,0.0,0.0,0.0,0.0,0.034375
1718110612087832557,1.28,0.0,0.0,0.0,0.0,0.03125
1718110612136388528,1.28,0.0,0.0,0.0,0.0,0.04375
1718110612183529940,1.28,0.0,0.0,0.0,0.0,0.040625
1718110612236899259,1.28,0.0,0.0,0.0,0.0,0.0375
1718110612286543114,1.28,0.0,0.0,0.0,0.0,0.0375
1718110612336072741,1.28,0.0,0.0,0.0,0.0,0.0375
1718110612383670282,1.28,0.0,0.0,0.0,0.0,0.03125
1718110612438595892,1.28,0.0,0.0,0.0,0.0,0.034375
1718110612483189872,1.28,0.0,0.0,0.0,0.0,0.034375
1718110612534455139,1.28,0.0,0.0,0.0,0.0,-0.978125
1718110612588312486,1.28,0.0,0.0,0.0,0.0,-0.965625
1718110612637230093,1.28,0.0,0.0,0.0,0.0,-0.953125
1718110612687574742,1.28,0.0,0.0,0.0,0.0,-0.96875
1718110612740961770,1.28,0.0,0.0,0.0,0.0,-0.9375
1718110612786083257,1.28,0.0,0.0,0.0,0.0,-0.93125
1718110612836379427,1.28,0.0,0.0,0.0,0.0,-0.921875
1718110612886417077,1.28,0.0,0.0,0.0,0.0,-0.928125
1718110612941185183,1.28,0.0,0.0,0.0,0.0,-0.903125
1718110612987766755,1.28,0.0,0.0,0.0,0.0,-0.89375
1718110613039366889,1.28,0.0,0.0,0.0,0.0,-0.884375
1718110613087621049,1.28,0.0,0.0,0.0,0.0,-0.878125
1718110613141918397,1.28,0.0,0.0,0.0,0.0,-0.865625
1718110613187733240,1.28,0.0,0.0,0.0,0.0,-0.85625
1718110613243183094,1.28,0.0,0.0,0.0,0.0,-0.846875
1718110613285524168,1.28,0.0,0.0,0.0,0.0,-0.8375
1718110613341422184,1.28,0.0,0.0,0.0,0.0,-0.828125
1718110613388023125,1.28,0.0,0.0,0.0,0.0,-0.821875
1718110613439191736,1.28,0.0,0.0,0.0,0.0,-0.8125
1718110613488537687,1.28,0.0,0.0,0.0,0.0,-0.803125
1718110613540089871,1.28,0.0,0.0,0.0,0.0,-0.79375
1718110613584427572,1.28,0.0,0.0,0.0,0.0,-0.7875
1718110613639451338,1.28,0.0,0.0,0.0,0.0,-0.778125
1718110613687198383,1.28,0.0,0.0,0.0,0.0,-0.76875
1718110613741181926,1.28,0.0,0.0,0.0,0.0,-0.7625
1718110613785837140,1.28,0.0,0.0,0.0,0.0,-0.746875
1718110613837513406,1.28,0.0,0.0,0.0,0.0,-0.73125
1718110613888957393,1.28,0.0,0.0,0.0,0.0,-0.715625
1718110613940126460,1.28,0.0,0.0,0.0,0.0,-0.7
1718110613996062138,1.28,0.0,0.0,0.0,0.0,-0.6875
1718110614043477242,1.28,0.0,0.0,0.0,0.0,-0.66875
1718110614090116808,1.28,0.0,0.0,0.0,0.0,-0.653125
1718110614138965490,1.28,0.0,0.0,0.0,0.0,-0.6375
1718110614190775387,1.28,0.0,0.0,0.0,0.0,-0.628125
1718110614239119545,1.28,0.0,0.0,0.0,0.0,-0.60625
1718110614290081436,1.28,0.0,0.0,0.0,0.0,-0.56875
1718110614341335325,1.28,0.0,0.0,0.0,0.0,-0.525
1718110614386416483,1.28,0.0,0.0,0.0,0.0,-0.484375
1718110614435702384,1.28,0.0,0.0,0.0,0.0,-0.44375
1718110614489565365,1.28,0.0,0.0,0.0,0.0,-0.403125
1718110614537734318,1.28,0.0,0.0,0.0,0.0,-0.359375
1718110614588173116,1.28,0.0,0.0,0.0,0.0,-0.31875
1718110614637830902,1.28,0.0,0.0,0.0,0.0,-0.26875
1718110614685414064,1.28,0.0,0.0,0.0,0.0,-0.225
1718110614735282343,1.28,0.0,0.0,0.0,0.0,-0.18125
1718110614786122228,1.28,0.0,0.0,0.0,0.0,-0.15
1718110614835857733,1.28,0.0,0.0,0.0,0.0,-0.10625
1718110614885312580,1.28,0.0,0.0,0.0,0.0,-0.06875
1718110614935530523,1.28,0.0,0.0,0.0,0.0,-0.0375
1718110614986526030,1.28,0.0,0.0,0.0,0.0,-0.015625
1718110615047139578,1.28,0.0,0.0,0.0,0.0,0.659375
1718110615091149200,1.28,0.0,0.0,0.0,0.0,0.64375
1718110615142470370,1.28,0.0,0.0,0.0,0.0,0.621875
1718110615183892648,1.28,0.0,0.0,0.0,0.0,0.546875
1718110615242231975,1.28,0.0,0.0,0.0,0.0,0.58125
1718110615284486618,1.28,0.0,0.0,0.0,0.0,0.5625
1718110615340121487,1.28,0.0,0.0,0.0,0.0,0.54375
1718110615384568921,1.28,0.0,0.0,0.0,0.0,0.571875
1718110615440049928,1.28,0.0,0.0,0.0,0.0,0.45
1718110615488304321,1.28,0.0,0.0,0.0,0.0,0.43125
1718110615537180849,1.28,0.0,0.0,0.0,0.0,0.4125
1718110615589901126,1.28,0.0,0.0,0.0,0.0,0.440625
1718110615638219265,1.28,0.0,0.0,0.0,0.0,0.36875
1718110615689986128,0.0,0.0,0.0,0.0,0.0,0.0
1718110615736908590,0.0,0.0,0.0,0.0,0.0,0.0
1718110615788945611,0.0,0.0,0.0,0.0,0.0,0.0
1718110615839357976,0.0,0.0,0.0,0.0,0.0,0.0
1718110615887669675,0.0,0.0,0.0,0.0,0.0,0.0
1718110615934822362,0.0,0.0,0.0,0.0,0.0,0.0
1718110615987009773,0.0,0.0,0.0,0.0,0.0,0.0
1718110616037164547,0.0,0.0,0.0,0.0,0.0,0.0
1718110616085761488,0.0,0.0,0.0,0.0,0.0,0.0
1718110616136127429,0.0,0.0,0.0,0.0,0.0,0.0
1718110616183073677,0.0,0.0,0.0,0.0,0.0,0.0
1718110616236667081,0.0,0.0,0.0,0.0,0.0,0.0
1718110616286083567,0.0,0.0,0.0,0.0,0.0,0.0
1718110616336059376,0.0,0.0,0.0,0.0,0.0,0.0
1718110616386553915,0.0,0.0,0.0,0.0,0.0,0.0
1718110616436516149,0.0,0.0,0.0,0.0,0.0,0.0
1718110616485849669,0.0,0.0,0.0,0.0,0.0,0.0
1718110616536303193,0.0,0.0,0.0,0.0,0.0,0.0
1718110616585770131,0.0,0.0,0.0,0.0,0.0,0.0
1718110616634772015,0.0,0.0,0.0,0.0,0.0,0.0
1718110616683799327,0.0,0.0,0.0,0.0,0.0,0.0
1718110616735182680,0.0,0.0,0.0,0.0,0.0,0.0
1718110616784110247,0.0,0.0,0.0,0.0,0.0,0.0
1718110616836767990,0.0,0.0,0.0,0.0,0.0,0.0
1718110616885991672,0.0,0.0,0.0,0.0,0.0,0.0
1718110616935231246,0.0,0.0,0.0,0.0,0.0,0.0
1718110616985467741,0.0,0.0,0.0,0.0,0.0,0.0
1718110617036355901,0.0,0.0,0.0,0.0,0.0,0.0
1718110617086518310,0.0,0.0,0.0,0.0,0.0,0.0
1718110617136684209,0.0,0.0,0.0,0.0,0.0,0.0
1718110617187050210,0.0,0.0,0.0,0.0,0.0,0.0
1718110617233452811,0.0,0.0,0.0,0.0,0.0,0.0
1718110617287175366,0.0,0.0,0.0,0.0,0.0,0.0
1718110617335668629,0.0,0.0,0.0,0.0,0.0,0.0
1718110617386895246,0.0,0.0,0.0,0.0,0.0,0.0
1718110617434577782,0.0,0.0,0.0,0.0,0.0,0.0
1718110617483895826,0.0,0.0,0.0,0.0,0.0,0.0
1718110617537224781,0.0,0.0,0.0,0.0,0.0,0.0
1718110617586373177,0.0,0.0,0.0,0.0,0.0,0.0
1718110617635733229,0.0,0.0,0.0,0.0,0.0,0.0
1718110617688078641,0.0,0.0,0.0,0.0,0.0,0.0
1718110617735638921,0.0,0.0,0.0,0.0,0.0,0.0
1718110617783431717,0.0,0.0,0.0,0.0,0.0,0.0
1718110617837394669,0.0,0.0,0.0,0.0,0.0,0.0
1718110617883734606,0.0,0.0,0.0,0.0,0.0,0.0
1718110617937567814,0.0,0.0,0.0,0.0,0.0,0.0
1718110617986409009,0.0,0.0,0.0,0.0,0.0,0.0
1718110618036482186,0.0,0.0,0.0,0.0,0.0,0.0
1718110618087559632,0.0,0.0,0.0,0.0,0.0,0.0
1718110618136177196,0.0,0.0,0.0,0.0,0.0,0.0
1718110618183846205,0.0,0.0,0.0,0.0,0.0,0.0
1718110618236702760,0.0,0.0,0.0,0.0,0.0,0.0
1718110618287058440,0.0,0.0,0.0,0.0,0.0,0.0
1718110618336547415,0.0,0.0,0.0,0.0,0.0,0.0
1718110618385353289,0.0,0.0,0.0,0.0,0.0,0.0
1718110618436053691,0.0,0.0,0.0,0.0,0.0,0.0
1718110618486848348,0.0,0.0,0.0,0.0,0.0,0.0
1718110618536667494,0.0,0.0,0.0,0.0,0.0,0.0
1718110618583415344,0.0,0.0,0.0,0.0,0.0,0.0
1718110618634223147,0.0,0.0,0.0,0.0,0.0,0.0
1718110618685531378,0.0,0.0,0.0,0.0,0.0,0.0
1718110618735813946,0.0,0.0,0.0,0.0,0.0,0.0
1718110618786029717,0.0,0.0,0.0,0.0,0.0,0.0
1718110618836880127,0.0,0.0,0.0,0.0,0.0,0.0
1718110618885914169,0.0,0.0,0.0,0.0,0.0,0.0
1718110618936341889,0.0,0.0,0.0,0.0,0.0,0.0
1718110618985124123,0.0,0.0,0.0,0.0,0.0,0.0
1718110619036956894,0.0,0.0,0.0,0.0,0.0,0.0
1718110619086835837,0.0,0.0,0.0,0.0,0.0,0.0
1718110619136429636,0.0,0.0,0.0,0.0,0.0,0.0
1718110619184664894,0.0,0.0,0.0,0.0,0.0,0.0
1718110619240450773,0.0,0.0,0.0,0.0,0.0,0.0
1718110619287482672,0.0,0.0,0.0,0.0,0.0,0.0
1718110619334679411,0.0,0.0,0.0,0.0,0.0,0.0
1718110619388152785,0.0,0.0,0.0,0.0,0.0,0.0
1718110619432923766,0.0,0.0,0.0,0.0,0.0,0.0
1718110619488897430,0.0,0.0,0.0,0.0,0.0,0.0
1718110619535141401,0.0,0.0,0.0,0.0,0.0,0.0
1718110619590211139,0.0,0.0,0.0,0.0,0.0,0.0
1718110619636675608,0.0,0.0,0.0,0.0,0.0,0.0
1718110619688083954,0.0,0.0,0.0,0.0,0.0,0.0
1718110619735961365,0.0,0.0,0.0,0.0,0.0,0.0
1718110619787442507,0.0,0.0,0.0,0.0,0.0,0.0
1718110619836312194,0.0,0.0,0.0,0.0,0.0,0.0
1718110619887072092,0.0,0.0,0.0,0.0,0.0,0.0
1718110619936882431,0.0,0.0,0.0,0.0,0.0,0.0
1718110619990461768,0.0,0.0,0.0,0.0,0.0,0.0
1718110620042193472,0.0,0.0,0.0,0.0,0.0,0.0
1718110620087500403,0.0,0.0,0.0,0.0,0.0,0.0
1718110620137504425,0.0,0.0,0.0,0.0,0.0,0.0
1718110620187815454,0.0,0.0,0.0,0.0,0.0,0.0
1718110620235036752,0.0,0.0,0.0,0.0,0.0,0.0
1718110620286253298,0.0,0.0,0.0,0.0,0.0,0.0
1718110620336824818,0.0,0.0,0.0,0.0,0.0,0.0
1718110620387488967,0.0,0.0,0.0,0.0,0.0,0.0
1718110620433989406,0.0,0.0,0.0,0.0,0.0,0.0
1718110620488021039,0.0,0.0,0.0,0.0,0.0,0.0
1718110620535501777,0.0,0.0,0.0,0.0,0.0,0.0
1718110620586654178,0.0,0.0,0.0,0.0,0.0,0.0
1718110620633826051,0.0,0.0,0.0,0.0,0.0,0.0
1718110620687183281,0.0,0.0,0.0,0.0,0.0,0.0
1718110620734778034,0.0,0.0,0.0,0.0,0.0,0.0
1718110620786532732,0.0,0.0,0.0,0.0,0.0,0.0
1718110620835754978,0.0,0.0,0.0,0.0,0.0,0.0
1718110620886440172,0.0,0.0,0.0,0.0,0.0,0.0
1718110620935724633,0.0,0.0,0.0,0.0,0.0,0.0
1718110620986180850,0.0,0.0,0.0,0.0,0.0,0.0
1718110621035872159,0.0,0.0,0.0,0.0,0.0,0.0
1718110621084307288,0.0,0.0,0.0,0.0,0.0,0.0
1718110621134633747,0.0,0.0,0.0,0.0,0.0,0.0
1718110621188032322,0.0,0.0,0.0,0.0,0.0,0.0
1718110621236798278,0.0,0.0,0.0,0.0,0.0,0.0
1718110621286251679,0.0,0.0,0.0,0.0,0.0,0.0
1718110621336790398,0.0,0.0,0.0,0.0,0.0,0.0
1718110621386791535,0.0,0.0,0.0,0.0,0.0,0.0
1718110621437319393,0.0,0.0,0.0,0.0,0.0,0.0
1718110621487199105,0.0,0.0,0.0,0.0,0.0,0.0
1718110621539105770,0.0,0.0,0.0,0.0,0.0,0.0
1718110621591356484,0.0,0.0,0.0,0.0,0.0,0.0
1718110621643932287,0.0,0.0,0.0,0.0,0.0,0.0
1718110621694228995,0.0,0.0,0.0,0.0,0.0,0.0
1718110621740759131,0.0,0.0,0.0,0.0,0.0,0.0
1718110621787859900,0.0,0.0,0.0,0.0,0.0,0.0
1718110621837098740,0.0,0.0,0.0,0.0,0.0,0.0
1718110621885638653,0.0,0.0,0.0,0.0,0.0,0.0
1718110621939417084,0.0,0.0,0.0,0.0,0.0,0.0
1718110621987211323,0.0,0.0,0.0,0.0,0.0,0.0
1718110622036730144,0.0,0.0,0.0,0.0,0.0,0.0
1718110622088967783,0.0,0.0,0.0,0.0,0.0,0.0
1718110622135831076,0.0,0.0,0.0,0.0,0.0,0.0
1718110622185548784,0.0,0.0,0.0,0.0,0.0,0.0
1718110622232966389,0.0,0.0,0.0,0.0,0.0,0.0
1718110622291487999,0.0,0.0,0.0,0.0,0.0,0.0
1718110622336464574,0.0,0.0,0.0,0.0,0.0,0.0
1718110622385342265,0.0,0.0,0.0,0.0,0.0,0.0
1718110622432934212,0.0,0.0,0.0,0.0,0.0,0.0
1718110622484099588,0.0,0.0,0.0,0.0,0.0,0.0
1718110622535864115,0.0,0.0,0.0,0.0,0.0,0.0
1718110622586629776,0.0,0.0,0.0,0.0,0.0,0.0
1718110622636904456,0.0,0.0,0.0,0.0,0.0,0.0
1718110622690942242,0.0,0.0,0.0,0.0,0.0,0.0
1718110622736906508,0.0,0.0,0.0,0.0,0.0,0.0
1718110622787727624,0.0,0.0,0.0,0.0,0.0,0.0
1718110622842455326,0.0,0.0,0.0,0.0,0.0,0.0
1718110622893492000,0.0,0.0,0.0,0.0,0.0,0.0
1718110622939933360,0.0,0.0,0.0,0.0,0.0,0.0
1718110622983879364,0.0,0.0,0.0,0.0,0.0,0.0
1718110623036981228,0.0,0.0,0.0,0.0,0.0,0.0
1718110623087525188,0.0,0.0,0.0,0.0,0.0,0.0
1718110623136301496,0.0,0.0,0.0,0.0,0.0,0.0
1718110623187260581,0.0,0.0,0.0,0.0,0.0,0.0
1718110623236634845,0.0,0.0,0.0,0.0,0.0,0.0
1718110623286384467,0.0,0.0,0.0,0.0,0.0,0.0
1718110623336460797,0.0,0.0,0.0,0.0,0.0,0.0
1718110623383031017,0.0,0.0,0.0,0.0,0.0,0.0
1718110623433780402,0.0,0.0,0.0,0.0,0.0,0.0
1718110623483720493,0.0,0.0,0.0,0.0,0.0,0.0
1718110623536709936,0.0,0.0,0.0,0.0,0.0,0.0
1718110623584540668,0.0,0.0,0.0,0.0,0.0,0.0
1718110623633568034,0.0,0.0,0.0,0.0,0.0,0.0
1718110623686816240,0.0,0.0,0.0,0.0,0.0,0.0
1718110623738473577,0.0,0.0,0.0,0.0,0.0,0.0
1718110623782542586,0.0,0.0,0.0,0.0,0.0,0.0
1718110623838279984,0.0,0.0,0.0,0.0,0.0,0.0
1718110623884000578,0.0,0.0,0.0,0.0,0.0,0.0
1718110623935856152,0.0,0.0,0.0,0.0,0.0,0.0
1718110623990687844,0.0,0.0,0.0,0.0,0.0,0.0
1718110624038962030,0.0,0.0,0.0,0.0,0.0,0.0
1718110624087866554,0.0,0.0,0.0,0.0,0.0,0.0
1718110624133733994,0.0,0.0,0.0,0.0,0.0,0.0
1718110624187586312,0.0,0.0,0.0,0.0,0.0,0.0
1718110624236080284,0.0,0.0,0.0,0.0,0.0,0.0
1718110624287303262,0.0,0.0,0.0,0.0,0.0,0.0
1718110624335922394,0.0,0.0,0.0,0.0,0.0,0.0
1718110624382649312,0.0,0.0,0.0,0.0,0.0,0.0
1718110624436897161,0.0,0.0,0.0,0.0,0.0,0.0
1718110624484468477,0.0,0.0,0.0,0.0,0.0,0.0
1718110624536022282,0.0,0.0,0.0,0.0,0.0,0.0
1718110624588207657,0.0,0.0,0.0,0.0,0.0,0.0
1718110624636298489,0.0,0.0,0.0,0.0,0.0,0.0
1718110624686276482,0.0,0.0,0.0,0.0,0.0,0.0
1718110624736698369,0.0,0.0,0.0,0.0,0.0,0.0
1718110624786673870,0.0,0.0,0.0,0.0,0.0,0.0
1718110624832772618,0.0,0.0,0.0,0.0,0.0,0.0
1718110624888052357,0.0,0.0,0.0,0.0,0.0,0.0
1718110624934596435,0.0,0.0,0.0,0.0,0.0,0.0
1718110624985290724,0.0,0.0,0.0,0.0,0.0,0.0
1718110625034086846,0.0,0.0,0.0,0.0,0.0,0.0
1718110625084742193,0.0,0.0,0.0,0.0,0.0,0.0
1718110625136486466,0.0,0.0,0.0,0.0,0.0,0.0
1718110625187733065,0.0,0.0,0.0,0.0,0.0,0.0
1718110625238036072,0.0,0.0,0.0,0.0,0.0,0.0
1718110625288797118,0.0,0.0,0.0,0.0,0.0,0.0
1718110625337843583,0.0,0.0,0.0,0.0,0.0,0.0
1718110625388676081,0.0,0.0,0.0,0.0,0.0,0.0
1718110625433764550,0.0,0.0,0.0,0.0,0.0,0.0
1718110625486447753,0.0,0.0,0.0,0.0,0.0,0.0
1718110625533376837,0.0,0.0,0.0,0.0,0.0,0.0
1718110625583468003,0.0,0.0,0.0,0.0,0.0,0.0
1718110625636670793,0.0,0.0,0.0,0.0,0.0,0.0
1718110625684939693,0.0,0.0,0.0,0.0,0.0,0.0
1718110625737492244,0.0,0.0,0.0,0.0,0.0,0.0
1718110625788687915,0.0,0.0,0.0,0.0,0.0,0.0
1718110625840691541,0.0,0.0,0.0,0.0,0.0,0.0
1718110625891498521,0.0,0.0,0.0,0.0,0.0,0.0
1718110625939850217,0.0,0.0,0.0,0.0,0.0,0.0
1718110625987027780,0.0,0.0,0.0,0.0,0.0,0.0
1718110626033156433,0.0,0.0,0.0,0.0,0.0,0.0
1718110626087465366,0.0,0.0,0.0,0.0,0.0,0.0
1718110626132650017,0.0,0.0,0.0,0.0,0.0,0.0
1718110626188740097,0.0,0.0,0.0,0.0,0.0,0.0
1718110626235453979,0.0,0.0,0.0,0.0,0.0,0.0
1718110626282772697,0.0,0.0,0.0,0.0,0.0,0.0
1718110626339063101,0.0,0.0,0.0,0.0,0.0,0.0
1718110626388207325,0.0,0.0,0.0,0.0,0.0,0.0
1718110626432736311,0.0,0.0,0.0,0.0,0.0,0.0
1718110626487552481,0.0,0.0,0.0,0.0,0.0,0.0
1718110626535058229,0.0,0.0,0.0,0.0,0.0,0.0
1718110626586826655,0.0,0.0,0.0,0.0,0.0,0.0
1718110626632707199,0.0,0.0,0.0,0.0,0.0,0.0
1718110626683032496,0.0,0.0,0.0,0.0,0.0,0.0
1718110626737390022,0.0,0.0,0.0,0.0,0.0,0.0
1718110626787121180,0.0,0.0,0.0,0.0,0.0,0.0
1718110626835381757,0.0,0.0,0.0,0.0,0.0,0.0
1718110626885533137,0.0,0.0,0.0,0.0,0.0,0.0
1718110626937232016,0.0,0.0,0.0,0.0,0.0,0.0
1718110626989896481,0.0,0.0,0.0,0.0,0.0,0.0
1718110627040105505,0.0,0.0,0.0,0.0,0.0,0.0
1718110627086250573,0.0,0.0,0.0,0.0,0.0,0.0
1718110627137593841,0.0,0.0,0.0,0.0,0.0,0.0
1718110627187930119,0.0,0.0,0.0,0.0,0.0,0.0
1718110627236259873,0.0,0.0,0.0,0.0,0.0,0.0
1718110627289098268,0.0,0.0,0.0,0.0,0.0,0.0
1718110627332549332,0.0,0.0,0.0,0.0,0.0,0.0
1718110627388951988,0.0,0.0,0.0,0.0,0.0,0.0
1718110627442576036,0.0,0.0,0.0,0.0,0.0,0.0
1718110627489856250,0.0,0.0,0.0,0.0,0.0,0.0
1718110627540747999,0.0,0.0,0.0,0.0,0.0,0.0
1718110627591391684,0.0,0.0,0.0,0.0,0.0,0.0
1718110627639279584,0.0,0.0,0.0,0.0,0.0,0.0
1718110627691333809,0.0,0.0,0.0,0.0,0.0,0.0
1718110627739852580,0.0,0.0,0.0,0.0,0.0,0.0
1718110627790882961,0.0,0.0,0.0,0.0,0.0,0.0
1718110627833688887,0.0,0.0,0.0,0.0,0.0,0.0
1718110627886147075,0.0,0.0,0.0,0.0,0.0,0.0
1718110627936974234,0.0,0.0,0.0,0.0,0.0,0.0
1718110627986538786,0.0,0.0,0.0,0.0,0.0,0.0
1718110628036645947,0.0,0.0,0.0,0.0,0.0,0.0
1718110628086631090,0.0,0.0,0.0,0.0,0.0,0.0
1718110628134358431,0.0,0.0,0.0,0.0,0.0,0.0
1718110628187699808,0.0,0.0,0.0,0.0,0.0,0.0
1718110628232842127,0.0,0.0,0.0,0.0,0.0,0.0
1718110628286507856,0.0,0.0,0.0,0.0,0.0,0.0
1718110628334156845,0.0,0.0,0.0,0.0,0.0,0.0
1718110628384180616,0.0,0.0,0.0,0.0,0.0,0.0
1718110628436696143,0.0,0.0,0.0,0.0,0.0,0.0
1718110628485180987,0.0,0.0,0.0,0.0,0.0,0.0
1718110628538522702,0.0,0.0,0.0,0.0,0.0,0.0
1718110628585205990,0.0,0.0,0.0,0.0,0.0,0.0
1718110628636563336,0.0,0.0,0.0,0.0,0.0,0.0
1718110628687880022,0.0,0.0,0.0,0.0,0.0,0.0
1718110628735418732,0.0,0.0,0.0,0.0,0.0,0.0
1718110628788089977,0.0,0.0,0.0,0.0,0.0,0.0
1718110628835639849,0.0,0.0,0.0,0.0,0.0,0.0
1718110628882756431,0.0,0.0,0.0,0.0,0.0,0.0
1718110628936420756,0.0,0.0,0.0,0.0,0.0,0.0
1718110628984713407,0.0,0.0,0.0,0.0,0.0,0.0
1718110629034806596,0.0,0.0,0.0,0.0,0.0,0.0
1718110629086708092,0.0,0.0,0.0,0.0,0.0,0.0
1718110629136390131,0.0,0.0,0.0,0.0,0.0,0.0
1718110629186367409,0.0,0.0,0.0,0.0,0.0,0.0
1718110629232643101,0.0,0.0,0.0,0.0,0.0,0.0
1718110629285363017,0.0,0.0,0.0,0.0,0.0,0.0
1718110629335085274,0.0,0.0,0.0,0.0,0.0,0.0
1718110629384976008,0.0,0.0,0.0,0.0,0.0,0.0
1718110629435840810,0.0,0.0,0.0,0.0,0.0,0.0
1718110629484638345,0.0,0.0,0.0,0.0,0.0,0.0
1718110629535810977,0.0,0.0,0.0,0.0,0.0,0.0
1718110629585319973,0.0,0.0,0.0,0.0,0.0,0.0
1718110629635404792,0.0,0.0,0.0,0.0,0.0,0.0
1718110629684455874,0.0,0.0,0.0,0.0,0.0,0.0
1718110629736540241,0.0,0.0,0.0,0.0,0.0,0.0
1718110629782509021,0.0,0.0,0.0,0.0,0.0,0.0
1718110629835504472,0.0,0.0,0.0,0.0,0.0,0.0
1718110629883084028,0.0,0.0,0.0,0.0,0.0,0.0
1718110629939218378,0.0,0.0,0.0,0.0,0.0,0.0
1718110629988127953,0.0,0.0,0.0,0.0,0.0,0.0
1718110630046084362,0.0,0.0,0.0,0.0,0.0,0.0
1718110630084111706,0.0,0.0,0.0,0.0,0.0,0.0
1718110630133864697,0.0,0.0,0.0,0.0,0.0,0.0
1718110630187608991,0.0,0.0,0.0,0.0,0.0,0.0
1718110630235188534,0.0,0.0,0.0,0.0,0.0,0.0
1718110630284009944,0.0,0.0,0.0,0.0,0.0,0.0
1718110630335660976,0.0,0.0,0.0,0.0,0.0,0.0
1718110630386788061,0.0,0.0,0.0,0.0,0.0,0.0
1718110630436507226,0.0,0.0,0.0,0.0,0.0,0.0
1718110630486185783,0.0,0.0,0.0,0.0,0.0,0.0
1718110630534528218,0.0,0.0,0.0,0.0,0.0,0.0
1718110630587023627,0.0,0.0,0.0,0.0,0.0,0.0
1718110630635268076,0.0,0.0,0.0,0.0,0.0,0.0
1718110630685871935,0.0,0.0,0.0,0.0,0.0,0.0
1718110630735137329,0.0,0.0,0.0,0.0,0.0,0.0
1718110630785789069,0.0,0.0,0.0,0.0,0.0,0.0
1718110630835456214,0.0,0.0,0.0,0.0,0.0,0.0
1718110630888307141,0.0,0.0,0.0,0.0,0.0,0.0
1718110630932810064,0.0,0.0,0.0,0.0,0.0,0.0
1718110630985903668,0.0,0.0,0.0,0.0,0.0,0.0
1718110631038427706,0.0,0.0,0.0,0.0,0.0,0.0
1718110631084778424,0.0,0.0,0.0,0.0,0.0,0.0
1718110631136268630,0.0,0.0,0.0,0.0,0.0,0.0
1718110631185383616,0.0,0.0,0.0,0.0,0.0,0.0
1718110631237199987,0.0,0.0,0.0,0.0,0.0,0.0
1718110631285540324,0.0,0.0,0.0,0.0,0.0,0.0
1718110631336126966,0.0,0.0,0.0,0.0,0.0,0.0
1718110631386289676,0.0,0.0,0.0,0.0,0.0,0.0
1718110631433555654,0.0,0.0,0.0,0.0,0.0,0.0
1718110631486130618,0.0,0.0,0.0,0.0,0.0,0.0
1718110631535799335,0.0,0.0,0.0,0.0,0.0,0.0
1718110631585472817,0.0,0.0,0.0,0.0,0.0,0.0
1718110631636338056,0.0,0.0,0.0,0.0,0.0,0.0
1718110631683063542,0.0,0.0,0.0,0.0,0.0,0.0
1718110631737423122,0.0,0.0,0.0,0.0,0.0,0.0
1718110631785208609,0.0,0.0,0.0,0.0,0.0,0.0
1718110631837382893,0.0,0.0,0.0,0.0,0.0,0.0
1718110631883822176,0.0,0.0,0.0,0.0,0.0,0.0
1718110631936180511,0.0,0.0,0.0,0.0,0.0,0.0
1718110631986875534,0.0,0.0,0.0,0.0,0.0,0.0
1718110632036242499,0.0,0.0,0.0,0.0,0.0,0.0
1718110632083280846,0.0,0.0,0.0,0.0,0.0,0.0
1718110632137134968,0.0,0.0,0.0,0.0,0.0,0.0
1718110632187083301,0.0,0.0,0.0,0.0,0.0,0.0
1718110632236118313,0.0,0.0,0.0,0.0,0.0,0.0
1718110632286955399,0.0,0.0,0.0,0.0,0.0,0.0
1718110632332746665,0.0,0.0,0.0,0.0,0.0,0.0
1718110632387644234,0.0,0.0,0.0,0.0,0.0,0.0
1718110632438704179,0.0,0.0,0.0,0.0,0.0,0.0
1718110632483882507,0.0,0.0,0.0,0.0,0.0,0.0
1718110632533135475,0.0,0.0,0.0,0.0,0.0,0.0
1718110632584436220,0.0,0.0,0.0,0.0,0.0,0.0
1718110632636506354,0.0,0.0,0.0,0.0,0.0,0.0
1718110632686686274,0.0,0.0,0.0,0.0,0.0,0.0
1718110632732983994,0.0,0.0,0.0,0.0,0.0,0.0
1718110632783943487,0.0,0.0,0.0,0.0,0.0,0.0
1718110632834670265,0.0,0.0,0.0,0.0,0.0,0.0
1718110632885805865,0.0,0.0,0.0,0.0,0.0,0.0
1718110632935700162,0.0,0.0,0.0,0.0,0.0,0.0
1718110632990499865,0.0,0.0,0.0,0.0,0.0,0.0
1718110633037616960,0.0,0.0,0.0,0.0,0.0,0.0
1718110633088832117,0.0,0.0,0.0,0.0,0.0,0.0
1718110633137042203,0.0,0.0,0.0,0.0,0.0,0.0
1718110633182700726,0.0,0.0,0.0,0.0,0.0,0.0
1718110633235997308,0.0,0.0,0.0,0.0,0.0,0.0
1718110633282484865,0.0,0.0,0.0,0.0,0.0,0.0
1718110633335634119,0.0,0.0,0.0,0.0,0.0,0.0
1718110633387823601,0.0,0.0,0.0,0.0,0.0,0.0
1718110633436181581,0.0,0.0,0.0,0.0,0.0,0.0
1718110633485152975,0.0,0.0,0.0,0.0,0.0,0.0
1718110633535208976,0.0,0.0,0.0,0.0,0.0,0.0
1718110633584297855,0.0,0.0,0.0,0.0,0.0,0.0
1718110633635699515,0.0,0.0,0.0,0.0,0.0,0.0
1718110633683111387,0.0,0.0,0.0,0.0,0.0,0.0
1718110633733595080,0.0,0.0,0.0,0.0,0.0,0.0
1718110633787712864,0.0,0.0,0.0,0.0,0.0,0.0
1718110633832511798,0.0,0.0,0.0,0.0,0.0,0.0
1718110633887036842,0.0,0.0,0.0,0.0,0.0,0.0
1718110633936739806,0.0,0.0,0.0,0.0,0.0,0.0
1718110633987119640,0.0,0.0,0.0,0.0,0.0,0.0
1718110634032426305,0.0,0.0,0.0,0.0,0.0,0.0
1718110634086503351,0.0,0.0,0.0,0.0,0.0,0.0
1718110634135757280,0.0,0.0,0.0,0.0,0.0,0.0
1718110634186142078,0.0,0.0,0.0,0.0,0.0,0.0
1718110634235265951,0.0,0.0,0.0,0.0,0.0,0.0
1718110634287800759,0.0,0.0,0.0,0.0,0.0,0.0
1718110634337179882,0.0,0.0,0.0,0.0,0.0,0.0
1718110634386584552,0.0,0.0,0.0,0.0,0.0,0.0
1718110634436919531,0.0,0.0,0.0,0.0,0.0,0.0
1718110634488344897,0.0,0.0,0.0,0.0,0.0,0.0
1718110634538577845,0.0,0.0,0.0,0.0,0.0,0.0
1718110634593994242,0.0,0.0,0.0,0.0,0.0,0.0
1718110634639916981,0.0,0.0,0.0,0.0,0.0,0.0
1718110634688732516,0.0,0.0,0.0,0.0,0.0,0.0
1718110634740179887,0.0,0.0,0.0,0.0,0.0,0.0
1718110634793374949,0.0,0.0,0.0,0.0,0.0,0.0
1718110634841398033,0.0,0.0,0.0,0.0,0.0,0.0
1718110634888476856,0.0,0.0,0.0,0.0,0.0,0.0
1718110634941643531,0.0,0.0,0.0,0.0,0.0,0.0
1718110634992346606,0.0,0.0,0.0,0.0,0.0,0.0
1718110635041617597,0.0,0.0,0.0,0.0,0.0,0.0
1718110635091867563,0.0,0.0,0.0,0.0,0.0,0.0
1718110635137148214,0.0,0.0,0.0,0.0,0.0,0.0
1718110635185811814,0.0,0.0,0.0,0.0,0.0,0.0
1718110635235935046,0.0,0.0,0.0,0.0,0.0,0.0
1718110635287629297,0.0,0.0,0.0,0.0,0.0,0.0
1718110635338134970,0.0,0.0,0.0,0.0,0.0,0.0
1718110635385309099,0.0,0.0,0.0,0.0,0.0,0.0
1718110635434192493,0.0,0.0,0.0,0.0,0.0,0.0
1718110635484299086,0.0,0.0,0.0,0.0,0.0,0.0
1718110635535633680,0.0,0.0,0.0,0.0,0.0,0.0
1718110635585409275,0.0,0.0,0.0,0.0,0.0,0.0
1718110635635374860,0.0,0.0,0.0,0.0,0.0,0.0
1718110635684274934,0.0,0.0,0.0,0.0,0.0,0.0
1718110635735539217,0.0,0.0,0.0,0.0,0.0,0.0
1718110635784467679,0.0,0.0,0.0,0.0,0.0,0.0
1718110635834736615,0.0,0.0,0.0,0.0,0.0,0.0
1718110635885898742,0.0,0.0,0.0,0.0,0.0,0.0
1718110635933678782,0.0,0.0,0.0,0.0,0.0,0.0
1718110635984251995,0.0,0.0,0.0,0.0,0.0,0.0
1718110636035024032,0.0,0.0,0.0,0.0,0.0,0.0
1718110636089344016,0.0,0.0,0.0,0.0,0.0,0.0
1718110636142030906,0.0,0.0,0.0,0.0,0.0,0.0
1718110636186698384,0.0,0.0,0.0,0.0,0.0,0.0
1718110636237128191,0.0,0.0,0.0,0.0,0.0,0.0
1718110636288564694,0.0,0.0,0.0,0.0,0.0,0.0
1718110636339262776,0.0,0.0,0.0,0.0,0.0,0.0
1718110636388821686,0.0,0.0,0.0,0.0,0.0,0.0
1718110636436475798,0.0,0.0,0.0,0.0,0.0,0.0
1718110636488536582,0.0,0.0,0.0,0.0,0.0,0.0
1718110636547462336,0.0,0.0,0.0,0.0,0.0,0.0
1718110636587174061,0.0,0.0,0.0,0.0,0.0,0.0
1718110636637493786,0.0,0.0,0.0,0.0,0.0,0.0
1718110636688688344,0.0,0.0,0.0,0.0,0.0,0.0
1718110636739352032,0.0,0.0,0.0,0.0,0.0,0.0
1718110636788680373,0.0,0.0,0.0,0.0,0.0,0.0
1718110636837233779,0.0,0.0,0.0,0.0,0.0,0.0
1718110636886897306,0.0,0.0,0.0,0.0,0.0,0.0
1718110636936058897,0.0,0.0,0.0,0.0,0.0,0.0
1718110636990169758,0.0,0.0,0.0,0.0,0.0,0.0
1718110637040321174,0.0,0.0,0.0,0.0,0.0,0.0
1718110637082629616,0.0,0.0,0.0,0.0,0.0,0.0
1718110637135117120,0.0,0.0,0.0,0.0,0.0,0.0
1718110637184122284,0.0,0.0,0.0,0.0,0.0,0.0
1718110637234300884,0.0,0.0,0.0,0.0,0.0,0.0
1718110637283794677,0.0,0.0,0.0,0.0,0.0,0.0
1718110637334416727,0.0,0.0,0.0,0.0,0.0,0.0
1718110637383843831,0.0,0.0,0.0,0.0,0.0,0.0
1718110637434872950,0.0,0.0,0.0,0.0,0.0,0.0
1718110637492319150,0.0,0.0,0.0,0.0,0.0,0.0
1718110637537454997,0.0,0.0,0.0,0.0,0.0,0.0
1718110637586699291,0.0,0.0,0.0,0.0,0.0,0.0
1718110637636781340,0.0,0.0,0.0,0.0,0.0,0.0
1718110637687742633,0.0,0.0,0.0,0.0,0.0,0.0
1718110637735923049,0.0,0.0,0.0,0.0,0.0,0.0
1718110637784144319,0.0,0.0,0.0,0.0,0.0,0.0
1718110637834329784,0.0,0.0,0.0,0.0,0.0,0.0
1718110637888795927,0.0,0.0,0.0,0.0,0.0,0.0
1718110637936144289,0.0,0.0,0.0,0.0,0.0,0.0
1718110637983611811,0.0,0.0,0.0,0.0,0.0,0.0
1718110638034133660,0.0,0.0,0.0,0.0,0.0,0.0
1718110638083485010,0.0,0.0,0.0,0.0,0.0,0.0
1718110638134094590,0.0,0.0,0.0,0.0,0.0,0.0
1718110638190699574,0.0,0.0,0.0,0.0,0.0,0.0
1718110638233118019,0.0,0.0,0.0,0.0,0.0,0.0
1718110638284107181,0.0,0.0,0.0,0.0,0.0,0.0
1718110638335129249,0.0,0.0,0.0,0.0,0.0,0.0
1718110638385794005,0.0,0.0,0.0,0.0,0.0,0.0
1718110638433901272,0.0,0.0,0.0,0.0,0.0,0.0
1718110638485256362,0.0,0.0,0.0,0.0,0.0,0.0
1718110638536091779,0.0,0.0,0.0,0.0,0.0,0.0
1718110638586045634,0.0,0.0,0.0,0.0,0.0,0.0
1718110638633627584,0.0,0.0,0.0,0.0,0.0,0.0
1718110638684365115,0.0,0.0,0.0,0.0,0.0,0.0
1718110638734064820,0.0,0.0,0.0,0.0,0.0,0.0
1718110638784655536,0.0,0.0,0.0,0.0,0.0,0.0
1718110638836151283,0.0,0.0,0.0,0.0,0.0,0.0
1718110638883452923,0.0,0.0,0.0,0.0,0.0,0.0
1718110638934856352,0.0,0.0,0.0,0.0,0.0,0.0
1718110638982859382,0.0,0.0,0.0,0.0,0.0,0.0
1718110639037245479,0.0,0.0,0.0,0.0,0.0,0.0
1718110639085982575,0.0,0.0,0.0,0.0,0.0,0.0
1718110639133845886,0.0,0.0,0.0,0.0,0.0,0.0
1718110639189013804,0.0,0.0,0.0,0.0,0.0,0.0
1718110639241517714,0.0,0.0,0.0,0.0,0.0,0.0
1718110639286661534,0.0,0.0,0.0,0.0,0.0,0.0
1718110639336612191,0.0,0.0,0.0,0.0,0.0,0.0
1718110639387661850,0.0,0.0,0.0,0.0,0.0,0.0
1718110639435016679,0.0,0.0,0.0,0.0,0.0,0.0
1718110639486771876,0.0,0.0,0.0,0.0,0.0,0.0
1718110639535939329,0.0,0.0,0.0,0.0,0.0,0.0
1718110639587563141,0.0,0.0,0.0,0.0,0.0,0.0
1718110639634848582,0.0,0.0,0.0,0.0,0.0,0.0
1718110639683661001,0.0,0.0,0.0,0.0,0.0,0.0
1718110639733590701,0.0,0.0,0.0,0.0,0.0,0.0
1718110639783563622,0.0,0.0,0.0,0.0,0.0,0.0
1718110639836514070,0.0,0.0,0.0,0.0,0.0,0.0
1718110639883812998,0.0,0.0,0.0,0.0,0.0,0.0
1718110639934739800,0.0,0.0,0.0,0.0,0.0,0.0
1718110639985218846,0.0,0.0,0.0,0.0,0.0,0.0
1718110640034972283,0.0,0.0,0.0,0.0,0.0,0.0
1718110640093041737,0.0,0.0,0.0,0.0,0.0,0.0
1718110640139839246,0.0,0.0,0.0,0.0,0.0,0.0
1718110640186958160,0.0,0.0,0.0,0.0,0.0,0.0
1718110640234875176,0.0,0.0,0.0,0.0,0.0,0.0
1718110640284855664,0.0,0.0,0.0,0.0,0.0,0.0
1718110640334051256,0.0,0.0,0.0,0.0,0.0,0.0
1718110640383966629,0.0,0.0,0.0,0.0,0.0,0.0
1718110640436359193,0.0,0.0,0.0,0.0,0.0,0.0
1718110640483408873,0.0,0.0,0.0,0.0,0.0,0.0
1718110640534678504,0.0,0.0,0.0,0.0,0.0,0.0
1718110640585717419,0.0,0.0,0.0,0.0,0.0,0.0
1718110640634531836,0.0,0.0,0.0,0.0,0.0,0.0
1718110640687548625,0.0,0.0,0.0,0.0,0.0,0.0
1718110640734175289,0.0,0.0,0.0,0.0,0.0,0.0
1718110640784639740,0.0,0.0,0.0,0.0,0.0,0.0
1718110640834813533,0.0,0.0,0.0,0.0,0.0,0.0
1718110640885104317,0.0,0.0,0.0,0.0,0.0,0.0
1718110640938565239,0.0,0.0,0.0,0.0,0.0,0.0
1718110640983339354,0.0,0.0,0.0,0.0,0.0,0.0
1718110641035687871,0.0,0.0,0.0,0.0,0.0,0.0
1718110641086224810,0.0,0.0,0.0,0.0,0.0,0.0
1718110641134949932,0.0,0.0,0.0,0.0,0.0,0.0
1718110641187718773,0.0,0.0,0.0,0.0,0.0,0.0
1718110641234002730,0.0,0.0,0.0,0.0,0.0,0.0
1718110641284046248,0.0,0.0,0.0,0.0,0.0,0.0
1718110641335132149,0.0,0.0,0.0,0.0,0.0,0.0
1718110641385679766,0.0,0.0,0.0,0.0,0.0,0.0
1718110641443797374,0.0,0.0,0.0,0.0,0.0,0.0
1718110641495993396,0.0,0.0,0.0,0.0,0.0,0.0
1718110641534779941,0.0,0.0,0.0,0.0,0.0,0.0
1718110641587643220,0.0,0.0,0.0,0.0,0.0,0.0
1718110641633160568,0.0,0.0,0.0,0.0,0.0,0.0
1718110641684191677,0.0,0.0,0.0,0.0,0.0,0.0
1718110641735039713,0.0,0.0,0.0,0.0,0.0,0.0
1718110641785955818,0.0,0.0,0.0,0.0,0.0,0.0
1718110641837966563,0.0,0.0,0.0,0.0,0.0,0.0
1718110641883973916,0.0,0.0,0.0,0.0,0.0,0.0
1718110641934034693,0.0,0.0,0.0,0.0,0.0,0.0
1718110641984176780,0.0,0.0,0.0,0.0,0.0,0.0
1718110642035317954,0.0,0.0,0.0,0.0,0.0,0.0
1718110642087457299,0.0,0.0,0.0,0.0,0.0,0.0
1718110642133728618,0.0,0.0,0.0,0.0,0.0,0.0
1718110642184468519,0.0,0.0,0.0,0.0,0.0,0.0
1718110642234299606,0.0,0.0,0.0,0.0,0.0,0.0
1718110642285287691,0.0,0.0,0.0,0.0,0.0,0.0
1718110642338987052,0.0,0.0,0.0,0.0,0.0,0.0
1718110642384955202,0.0,0.0,0.0,0.0,0.0,0.0
1718110642435464837,0.0,0.0,0.0,0.0,0.0,0.0
1718110642484718146,0.0,0.0,0.0,0.0,0.0,0.0
1718110642536114676,0.0,0.0,0.0,0.0,0.0,0.0
1718110642587741829,0.0,0.0,0.0,0.0,0.0,0.0
1718110642636146773,0.0,0.0,0.0,0.0,0.0,0.0
1718110642685961563,0.0,0.0,0.0,0.0,0.0,0.0
1718110642735998756,0.0,0.0,0.0,0.0,0.0,0.0
1718110642788816495,0.0,0.0,0.0,0.0,0.0,0.0
1718110642834419946,0.0,0.0,0.0,0.0,0.0,0.0
1718110642884870833,0.0,0.0,0.0,0.0,0.0,0.0
1718110642935880434,0.0,0.0,0.0,0.0,0.0,0.0
1718110642986186720,0.0,0.0,0.0,0.0,0.0,0.0
1718110643036546205,0.0,0.0,0.0,0.0,0.0,0.0
1718110643085358227,0.0,0.0,0.0,0.0,0.0,0.0
1718110643134250925,0.0,0.0,0.0,0.0,0.0,0.0
1718110643186601688,0.0,0.0,0.0,0.0,0.0,0.0
1718110643239967396,0.0,0.0,0.0,0.0,0.0,0.0
1718110643287650659,0.0,0.0,0.0,0.0,0.0,0.0
1718110643332743643,0.0,0.0,0.0,0.0,0.0,0.0
1718110643383343334,0.0,0.0,0.0,0.0,0.0,0.0
1718110643436776929,0.0,0.0,0.0,0.0,0.0,0.0
1718110643486015389,0.0,0.0,0.0,0.0,0.0,0.0
1718110643535646289,0.0,0.0,0.0,0.0,0.0,0.0
1718110643586285464,0.0,0.0,0.0,0.0,0.0,0.0
1718110643636696023,0.0,0.0,0.0,0.0,0.0,0.0
1718110643686215755,0.0,0.0,0.0,0.0,0.0,0.0
1718110643734089430,0.0,0.0,0.0,0.0,0.0,0.0
1718110643785771830,0.0,0.0,0.0,0.0,0.0,0.0
1718110643832853331,0.0,0.0,0.0,0.0,0.0,0.0
1718110643893780475,0.0,0.0,0.0,0.0,0.0,0.0
1718110643937818669,0.0,0.0,0.0,0.0,0.0,0.0
1718110643989493017,0.0,0.0,0.0,0.0,0.0,0.0
1718110644037041373,0.0,0.0,0.0,0.0,0.0,0.0
1718110644096670358,0.0,0.0,0.0,0.0,0.0,0.0
1718110644136296900,0.0,0.0,0.0,0.0,0.0,0.0
1718110644190001627,0.0,0.0,0.0,0.0,0.0,0.0
1718110644233771436,0.0,0.0,0.0,0.0,0.0,0.0
1718110644286608812,0.0,0.0,0.0,0.0,0.0,0.0
1718110644336062167,0.0,0.0,0.0,0.0,0.0,0.0
1718110644385511003,0.0,0.0,0.0,0.0,0.0,0.0
1718110644438363772,0.0,0.0,0.0,0.0,0.0,0.0
1718110644488460555,0.0,0.0,0.0,0.0,0.0,0.0
1718110644535802320,0.0,0.0,0.0,0.0,0.0,0.0
1718110644586951843,0.0,0.0,0.0,0.0,0.0,0.0
1718110644639119936,0.0,0.0,0.0,0.0,0.0,0.0
1718110644685686903,0.0,0.0,0.0,0.0,0.0,0.0
1718110644736775644,0.0,0.0,0.0,0.0,0.0,0.0
